user_id,created_at,notification_id,type,message
3a263d49-5044-4f52-a8b4-839fb9803dcb,2024-09-12T10:26:49Z,5542211e-9aea-4fb5-90a4-da3b706cc482,like,"Phasellus id sapien in sapien iaculis congue. Vivamus metus arcu, adipiscing molestie, hendrerit at, vulputate vitae, nisl. Aenean lectus."
4fdfdfec-1973-40da-9fcc-a3c89d1bf243,2024-10-20T13:06:57Z,4b7ee169-1718-4e6f-8207-29ae5c418246,like,Etiam pretium iaculis justo. In hac habitasse platea dictumst. Etiam faucibus cursus urna. Ut tellus. Nulla ut erat id mauris vulputate elementum.
93fa4af1-8f83-48f3-9321-362024d1d382,2024-10-13T02:52:35Z,47bb7943-c8b4-488b-91c9-f92c054fcd07,comment,Maecenas pulvinar lobortis est. Phasellus sit amet erat.
ad7d321a-6c00-4097-a9c7-c48d8cb35f04,2024-10-13T22:43:06Z,8cfa8808-fa90-4754-8853-a66000345f9b,like,"Donec vitae nisi. Nam ultrices, libero non mattis pulvinar, nulla pede ullamcorper augue, a suscipit nulla elit ac nulla. Sed vel enim sit amet nunc viverra dapibus. Nulla suscipit ligula in lacus."
c9b6268e-ac26-4278-a4fe-0091cc88f4a1,2024-12-25T00:22:18Z,0a6a2930-c428-4b95-b6b0-73d63e6a6926,like,"Nam ultrices, libero non mattis pulvinar, nulla pede ullamcorper augue, a suscipit nulla elit ac nulla. Sed vel enim sit amet nunc viverra dapibus."
c9833dd3-15f6-4152-88b2-34d75827bab8,2025-01-27T19:42:26Z,6cce83d1-468c-4ff7-b94b-f3dd9ef4c320,comment,"Morbi vestibulum, velit id pretium iaculis, diam erat fermentum justo, nec condimentum neque sapien placerat ante."
45fdc91d-c578-4d76-8fb7-16483eeb3804,2025-01-18T07:57:39Z,7afd6ce6-28c2-4903-986c-d044060f6e55,follow,"Duis bibendum, felis sed interdum venenatis, turpis enim blandit mi, in porttitor pede justo eu massa. Donec dapibus. Duis at velit eu est congue elementum. In hac habitasse platea dictumst."
8ac5d42f-388f-42a7-a123-f881cd3d9989,2024-10-31T23:31:16Z,d458bd12-d558-4de8-b230-c830dba8aa2a,like,"Fusce posuere felis sed lacus. Morbi sem mauris, laoreet ut, rhoncus aliquet, pulvinar sed, nisl. Nunc rhoncus dui vel sem. Sed sagittis."
381ce05a-34c3-4106-b7d3-72ca8d58e812,2025-03-30T02:15:05Z,f4e98893-46a6-4d5e-bafd-3b5985228950,follow,"Aenean fermentum. Donec ut mauris eget massa tempor convallis. Nulla neque libero, convallis eget, eleifend luctus, ultricies eu, nibh. Quisque id justo sit amet sapien dignissim vestibulum. Vestibulum ante ipsum primis in faucibus orci luctus et ultrices posuere cubilia Curae; Nulla dapibus dolor vel est. Donec odio justo, sollicitudin ut, suscipit a, feugiat et, eros. Vestibulum ac est lacinia nisi venenatis tristique. Fusce congue, diam id ornare imperdiet, sapien urna pretium nisl, ut volutpat sapien arcu sed augue. Aliquam erat volutpat."
e6c86cac-62d0-44db-92b2-7d1d6350945a,2025-04-09T12:44:48Z,a63b7a5b-38fb-43b6-b068-4888da714326,comment,"Nam dui. Proin leo odio, porttitor id, consequat in, consequat ut, nulla. Sed accumsan felis. Ut at dolor quis odio consequat varius."
3fa5ab30-1309-4365-88c6-dcdab4cee1cc,2024-06-26T10:03:06Z,5d4ffa14-6ed7-453f-921b-7298984daa73,follow,"Morbi porttitor lorem id ligula. Suspendisse ornare consequat lectus. In est risus, auctor sed, tristique in, tempus sit amet, sem. Fusce consequat. Nulla nisl. Nunc nisl."
73ea380e-8334-4aa6-88ca-3d46c66eb546,2024-10-10T23:42:53Z,3f94bcfb-e8f9-41ec-9381-5ec7cba3e8e3,comment,"Nulla ut erat id mauris vulputate elementum. Nullam varius. Nulla facilisi. Cras non velit nec nisi vulputate nonummy. Maecenas tincidunt lacus at velit. Vivamus vel nulla eget eros elementum pellentesque. Quisque porta volutpat erat. Quisque erat eros, viverra eget, congue eget, semper rutrum, nulla. Nunc purus. Phasellus in felis."
372f935c-1fd6-48e2-9170-840807547154,2024-06-19T05:15:13Z,86187778-de83-48ab-9451-8943e27b9ee5,follow,"Nulla tempus. Vivamus in felis eu sapien cursus vestibulum. Proin eu mi. Nulla ac enim. In tempor, turpis nec euismod scelerisque, quam turpis adipiscing lorem, vitae mattis nibh ligula nec sem. Duis aliquam convallis nunc. Proin at turpis a pede posuere nonummy."
93b937b2-21ff-4a98-b3c4-9b02e8754aa9,2024-10-02T06:24:50Z,b20fc646-43f4-4c3e-83e5-45fc0f90dc75,like,"Praesent blandit. Nam nulla. Integer pede justo, lacinia eget, tincidunt eget, tempus vel, pede. Morbi porttitor lorem id ligula. Suspendisse ornare consequat lectus. In est risus, auctor sed, tristique in, tempus sit amet, sem."
ab2c63fe-ef64-4c93-a60b-89e07dcf7586,2025-04-13T18:45:08Z,d72e901f-0737-4ee4-81af-2064a2ef18e9,follow,Curabitur convallis. Duis consequat dui nec nisi volutpat eleifend. Donec ut dolor.
c1a3c6e7-02d4-4f88-97bf-9fb5af5acd6e,2024-10-21T01:49:25Z,31be3b58-5692-4e59-953d-927c188bf86f,follow,"Curabitur convallis. Duis consequat dui nec nisi volutpat eleifend. Donec ut dolor. Morbi vel lectus in quam fringilla rhoncus. Mauris enim leo, rhoncus sed, vestibulum sit amet, cursus id, turpis. Integer aliquet, massa id lobortis convallis, tortor risus dapibus augue, vel accumsan tellus nisi eu orci. Mauris lacinia sapien quis libero. Nullam sit amet turpis elementum ligula vehicula consequat."
c0504ab3-6328-4a7d-8a52-05bb91aaf694,2024-12-04T18:52:54Z,87e6ffc6-455e-42d3-9d4f-a60c8fdef6da,follow,"Suspendisse potenti. In eleifend quam a odio. In hac habitasse platea dictumst. Maecenas ut massa quis augue luctus tincidunt. Nulla mollis molestie lorem. Quisque ut erat. Curabitur gravida nisi at nibh. In hac habitasse platea dictumst. Aliquam augue quam, sollicitudin vitae, consectetuer eget, rutrum at, lorem. Integer tincidunt ante vel ipsum."
56a547d8-85e5-4b61-801f-dee441dce273,2025-02-26T09:53:59Z,018db031-125a-468f-8bae-8c7a233b095d,follow,"Pellentesque ultrices mattis odio. Donec vitae nisi. Nam ultrices, libero non mattis pulvinar, nulla pede ullamcorper augue, a suscipit nulla elit ac nulla. Sed vel enim sit amet nunc viverra dapibus. Nulla suscipit ligula in lacus. Curabitur at ipsum ac tellus semper interdum. Mauris ullamcorper purus sit amet nulla."
ca6d8260-076b-4e9f-b286-b06d7c4d95ed,2025-01-01T18:06:15Z,5e219f46-7f4c-484c-81d6-b487879cb735,follow,Maecenas rhoncus aliquam lacus.
a53933a7-9fe3-44c7-b662-7d512a90a071,2024-09-07T11:44:38Z,ea377037-57f3-4a6c-b82f-fad69a74b223,follow,"Cras pellentesque volutpat dui. Maecenas tristique, est et tempus semper, est quam pharetra magna, ac consequat metus sapien ut nunc. Vestibulum ante ipsum primis in faucibus orci luctus et ultrices posuere cubilia Curae; Mauris viverra diam vitae quam. Suspendisse potenti. Nullam porttitor lacus at turpis. Donec posuere metus vitae ipsum. Aliquam non mauris."
b21b044b-db62-4d20-bc4f-30c616fa3613,2024-05-21T19:23:52Z,dea427a3-593a-4b39-b4fd-feec6d54e885,follow,Etiam vel augue. Vestibulum rutrum rutrum neque.
d4c4b9c7-7c79-4070-9c79-6934427830fa,2025-03-06T11:56:56Z,ea6dfb4f-f6c3-48f7-aad4-46aa911cef00,comment,"Quisque porta volutpat erat. Quisque erat eros, viverra eget, congue eget, semper rutrum, nulla. Nunc purus."
79fc80ea-d877-4aec-b553-cde7f49a312a,2025-03-02T11:23:10Z,efc7f016-f256-46e4-a3ac-127b2681d585,like,"Curabitur at ipsum ac tellus semper interdum. Mauris ullamcorper purus sit amet nulla. Quisque arcu libero, rutrum ac, lobortis vel, dapibus at, diam. Nam tristique tortor eu pede."
5d59848f-4ed0-430d-a5f6-434f428447f4,2024-06-15T19:41:49Z,08d9fe3a-56a1-4f0f-a688-c4b66664d669,comment,"Maecenas rhoncus aliquam lacus. Morbi quis tortor id nulla ultrices aliquet. Maecenas leo odio, condimentum id, luctus nec, molestie sed, justo."
1dbf0068-460f-4308-93aa-c446f2acde19,2025-04-29T11:42:57Z,49c360b0-750f-4f17-9029-5e0147d14863,comment,"Cras in purus eu magna vulputate luctus. Cum sociis natoque penatibus et magnis dis parturient montes, nascetur ridiculus mus. Vivamus vestibulum sagittis sapien. Cum sociis natoque penatibus et magnis dis parturient montes, nascetur ridiculus mus."
03079a85-a5c9-4e2d-9cd5-b6ec7c289deb,2024-12-18T09:31:15Z,29d35233-ed8b-4d6b-b782-73a0c1396e71,comment,Suspendisse potenti. In eleifend quam a odio. In hac habitasse platea dictumst. Maecenas ut massa quis augue luctus tincidunt. Nulla mollis molestie lorem. Quisque ut erat.
86f9227c-80a4-4de9-8ac8-7dad51002b40,2024-11-28T06:05:23Z,a5af2c42-17f8-480f-a8e6-c9d5df5cdfd4,like,"Fusce posuere felis sed lacus. Morbi sem mauris, laoreet ut, rhoncus aliquet, pulvinar sed, nisl."
ed0693d3-2361-40ba-98d0-3aba9eaa5c9f,2025-01-14T18:50:17Z,d6cddb27-7ac2-4360-acb6-04a0a1ff816c,like,"Aenean lectus. Pellentesque eget nunc. Donec quis orci eget orci vehicula condimentum. Curabitur in libero ut massa volutpat convallis. Morbi odio odio, elementum eu, interdum eu, tincidunt in, leo. Maecenas pulvinar lobortis est. Phasellus sit amet erat. Nulla tempus. Vivamus in felis eu sapien cursus vestibulum. Proin eu mi."
06248c04-e96c-468d-841f-a3fed2489141,2024-08-17T16:34:25Z,2886c9e0-1379-4dd4-8c04-a0555bcc7199,comment,Etiam justo. Etiam pretium iaculis justo. In hac habitasse platea dictumst. Etiam faucibus cursus urna. Ut tellus.
d78c2d0e-5697-4113-a57f-a6be6e5dea1b,2025-03-30T01:48:43Z,7c464aef-9a56-4f6d-8862-c28ad1bcb152,follow,"Sed sagittis. Nam congue, risus semper porta volutpat, quam pede lobortis ligula, sit amet eleifend pede libero quis orci. Nullam molestie nibh in lectus. Pellentesque at nulla. Suspendisse potenti. Cras in purus eu magna vulputate luctus. Cum sociis natoque penatibus et magnis dis parturient montes, nascetur ridiculus mus. Vivamus vestibulum sagittis sapien. Cum sociis natoque penatibus et magnis dis parturient montes, nascetur ridiculus mus."
e627f2e1-2a73-4b8c-8ade-abd4983c5729,2025-02-02T05:01:00Z,745739c8-8baa-484b-84c9-0949c679af6a,comment,Fusce consequat.
f89ee9b1-8212-47ad-97bc-5def1e453553,2024-11-28T09:50:02Z,aa4e4f14-34f8-43df-ac01-2d9a6e1c3d1c,like,"Pellentesque ultrices mattis odio. Donec vitae nisi. Nam ultrices, libero non mattis pulvinar, nulla pede ullamcorper augue, a suscipit nulla elit ac nulla. Sed vel enim sit amet nunc viverra dapibus. Nulla suscipit ligula in lacus. Curabitur at ipsum ac tellus semper interdum. Mauris ullamcorper purus sit amet nulla. Quisque arcu libero, rutrum ac, lobortis vel, dapibus at, diam."
3a4fa234-355d-4173-b621-8d03b474ee3c,2024-10-20T08:21:03Z,7664935c-9846-4d98-a528-2264c1145db8,comment,"Donec dapibus. Duis at velit eu est congue elementum. In hac habitasse platea dictumst. Morbi vestibulum, velit id pretium iaculis, diam erat fermentum justo, nec condimentum neque sapien placerat ante. Nulla justo. Aliquam quis turpis eget elit sodales scelerisque."
d98abaec-85c3-4fc7-8c0b-321cefe8da02,2025-03-08T14:48:33Z,7810f190-f3ea-41d3-9f02-8222992e4a7e,follow,"In hac habitasse platea dictumst. Aliquam augue quam, sollicitudin vitae, consectetuer eget, rutrum at, lorem. Integer tincidunt ante vel ipsum. Praesent blandit lacinia erat. Vestibulum sed magna at nunc commodo placerat. Praesent blandit."
0dbcbf47-e79a-4122-9151-c40ae4a28a25,2025-03-13T02:18:05Z,279e7f33-0ad6-45ec-a21f-85cf79654054,like,"Donec odio justo, sollicitudin ut, suscipit a, feugiat et, eros."
b3df6027-5d3f-4e25-a7a1-06ca52615f40,2025-02-06T08:41:47Z,f9db7dc0-fc8b-4ec1-b951-7ad21a18e68e,follow,Vestibulum rutrum rutrum neque. Aenean auctor gravida sem. Praesent id massa id nisl venenatis lacinia. Aenean sit amet justo. Morbi ut odio.
12ffe2b7-dc2f-4310-912e-6a9123d20e04,2024-05-29T19:02:10Z,2b5fe59f-1907-4e32-ae05-28f21b00ca5b,like,Vivamus tortor. Duis mattis egestas metus. Aenean fermentum. Donec ut mauris eget massa tempor convallis.
71f65d79-3e77-4074-ade4-8420f18b19e8,2024-10-16T19:41:06Z,ba08086d-bb93-48a5-9aa9-c0ad014ade68,follow,"Nam ultrices, libero non mattis pulvinar, nulla pede ullamcorper augue, a suscipit nulla elit ac nulla."
8f74460f-7df1-445b-9b7f-1296a2658142,2024-08-07T05:26:26Z,1de24aa1-2dcf-4f87-89f2-d09326afe32b,comment,"Quisque id justo sit amet sapien dignissim vestibulum. Vestibulum ante ipsum primis in faucibus orci luctus et ultrices posuere cubilia Curae; Nulla dapibus dolor vel est. Donec odio justo, sollicitudin ut, suscipit a, feugiat et, eros. Vestibulum ac est lacinia nisi venenatis tristique. Fusce congue, diam id ornare imperdiet, sapien urna pretium nisl, ut volutpat sapien arcu sed augue. Aliquam erat volutpat. In congue."
3788bf1c-6e78-490a-8234-f96b4363d253,2024-11-20T02:01:36Z,ba5f0ef5-506d-44a9-8b4d-9fca811740ae,follow,"Nullam varius. Nulla facilisi. Cras non velit nec nisi vulputate nonummy. Maecenas tincidunt lacus at velit. Vivamus vel nulla eget eros elementum pellentesque. Quisque porta volutpat erat. Quisque erat eros, viverra eget, congue eget, semper rutrum, nulla."
56554a15-042e-451f-9b53-85dc2af189e7,2024-12-03T02:44:09Z,5c989c60-9fa8-42ee-b120-d01ee1a6046f,follow,"Quisque erat eros, viverra eget, congue eget, semper rutrum, nulla. Nunc purus. Phasellus in felis. Donec semper sapien a libero. Nam dui. Proin leo odio, porttitor id, consequat in, consequat ut, nulla."
a4f11c28-0c14-4e9a-8c64-b918a0e63cdd,2025-03-26T08:11:13Z,8688a58e-88c3-4430-8d30-8ecc436eb4cc,follow,"Proin leo odio, porttitor id, consequat in, consequat ut, nulla. Sed accumsan felis. Ut at dolor quis odio consequat varius. Integer ac leo. Pellentesque ultrices mattis odio."
53c91315-f5f9-47f1-8c65-48ac5e0ac38a,2024-12-16T13:23:07Z,a0de5b86-d311-401b-ae19-ffd565ec3465,like,Vestibulum rutrum rutrum neque. Aenean auctor gravida sem.
2986f93a-8aad-40a7-9cb2-924eb7507f33,2025-02-05T11:25:42Z,f26a5e79-15d0-4d7f-9cac-ecd0d04168b7,like,Sed vel enim sit amet nunc viverra dapibus. Nulla suscipit ligula in lacus. Curabitur at ipsum ac tellus semper interdum.
11af5f2f-ec19-423f-bb03-fe5619a3c0e5,2024-06-08T19:48:11Z,d8ac66ba-4369-430e-a789-244b33d6e2a4,follow,Ut at dolor quis odio consequat varius. Integer ac leo.
9c42d17a-7b59-4fb3-99e9-102e6d890515,2025-03-14T20:14:20Z,064e9e54-86b1-4c5d-beae-3fb20c19d63c,comment,"Vestibulum ante ipsum primis in faucibus orci luctus et ultrices posuere cubilia Curae; Duis faucibus accumsan odio. Curabitur convallis. Duis consequat dui nec nisi volutpat eleifend. Donec ut dolor. Morbi vel lectus in quam fringilla rhoncus. Mauris enim leo, rhoncus sed, vestibulum sit amet, cursus id, turpis. Integer aliquet, massa id lobortis convallis, tortor risus dapibus augue, vel accumsan tellus nisi eu orci. Mauris lacinia sapien quis libero. Nullam sit amet turpis elementum ligula vehicula consequat."
44b1ac72-57db-47a7-a317-aa074aa83899,2024-07-04T12:14:08Z,38a041c2-24c6-4b8b-ae70-3f9c303820f5,like,"Maecenas tristique, est et tempus semper, est quam pharetra magna, ac consequat metus sapien ut nunc. Vestibulum ante ipsum primis in faucibus orci luctus et ultrices posuere cubilia Curae; Mauris viverra diam vitae quam. Suspendisse potenti. Nullam porttitor lacus at turpis."
48e18f86-ceaf-4aeb-9c3e-a016865ac24d,2025-03-19T17:28:35Z,82aacdde-3a71-4e6d-9de1-a6906dfe045f,comment,In hac habitasse platea dictumst. Maecenas ut massa quis augue luctus tincidunt. Nulla mollis molestie lorem. Quisque ut erat.
c8387ea7-e751-4b97-bf71-baa8d11be6a6,2024-05-24T03:47:58Z,bbc8d3c8-c4dd-4baf-9f55-e2ccea324911,comment,"Nam congue, risus semper porta volutpat, quam pede lobortis ligula, sit amet eleifend pede libero quis orci. Nullam molestie nibh in lectus. Pellentesque at nulla. Suspendisse potenti. Cras in purus eu magna vulputate luctus. Cum sociis natoque penatibus et magnis dis parturient montes, nascetur ridiculus mus."
a9f8ebee-dc94-4b58-961e-8f38fde365a4,2024-05-13T12:39:27Z,dd17d1dc-ff50-424f-85f3-02807f29065a,comment,Aliquam erat volutpat. In congue.
20d38305-e716-42be-a734-8afaa03b9dce,2025-03-21T21:23:19Z,2bbacc0d-a779-4bb4-ab92-2ca1feb33858,comment,"Nam ultrices, libero non mattis pulvinar, nulla pede ullamcorper augue, a suscipit nulla elit ac nulla. Sed vel enim sit amet nunc viverra dapibus. Nulla suscipit ligula in lacus. Curabitur at ipsum ac tellus semper interdum."
c1b078c8-5538-4a87-a749-57e4d29357e5,2024-06-12T00:37:22Z,a86b8f57-f275-40f3-a439-752450c00ebe,like,"In quis justo. Maecenas rhoncus aliquam lacus. Morbi quis tortor id nulla ultrices aliquet. Maecenas leo odio, condimentum id, luctus nec, molestie sed, justo. Pellentesque viverra pede ac diam. Cras pellentesque volutpat dui. Maecenas tristique, est et tempus semper, est quam pharetra magna, ac consequat metus sapien ut nunc. Vestibulum ante ipsum primis in faucibus orci luctus et ultrices posuere cubilia Curae; Mauris viverra diam vitae quam. Suspendisse potenti. Nullam porttitor lacus at turpis."
95e091f1-ec59-4b33-9c93-8414d7cd2c58,2024-12-29T06:34:44Z,d571938c-2f24-4b33-806e-fe84ceefc322,comment,Aliquam quis turpis eget elit sodales scelerisque. Mauris sit amet eros. Suspendisse accumsan tortor quis turpis.
7cb21ec9-111b-43e4-b678-09e5d33bee1b,2024-08-28T06:33:49Z,a0407b66-9d5d-4ef7-9b07-0701eaaf98a9,comment,"Integer non velit. Donec diam neque, vestibulum eget, vulputate ut, ultrices vel, augue. Vestibulum ante ipsum primis in faucibus orci luctus et ultrices posuere cubilia Curae; Donec pharetra, magna vestibulum aliquet ultrices, erat tortor sollicitudin mi, sit amet lobortis sapien sapien non mi."
76f92f31-efb2-4058-a0f7-f50872afcc24,2024-09-06T06:15:57Z,057ac1d8-82b1-4f4c-9f39-3f390e8f645e,like,"Sed accumsan felis. Ut at dolor quis odio consequat varius. Integer ac leo. Pellentesque ultrices mattis odio. Donec vitae nisi. Nam ultrices, libero non mattis pulvinar, nulla pede ullamcorper augue, a suscipit nulla elit ac nulla. Sed vel enim sit amet nunc viverra dapibus. Nulla suscipit ligula in lacus. Curabitur at ipsum ac tellus semper interdum. Mauris ullamcorper purus sit amet nulla."
eabd3136-ce2e-442e-b88b-0d7b14026d58,2024-10-26T06:31:22Z,3a3668d7-9ec5-4edc-9462-ae1cb1c80010,follow,Nulla justo. Aliquam quis turpis eget elit sodales scelerisque. Mauris sit amet eros.
6269846c-3123-4221-b9db-370c35eb517f,2024-07-05T19:15:30Z,963a827b-1181-43fc-95d0-b8ed451d2eb7,comment,Etiam justo.
24af7db5-a241-4fcb-b343-b1536a26f74b,2024-11-28T00:46:29Z,b495f07d-ea75-44f6-b8b5-ab65fd00287a,follow,Pellentesque viverra pede ac diam.
9038e0bb-57da-4616-b0f5-bdbb5bd52e6c,2024-12-19T19:05:26Z,52c5f98d-f753-4287-8088-535b161078de,comment,"Maecenas tincidunt lacus at velit. Vivamus vel nulla eget eros elementum pellentesque. Quisque porta volutpat erat. Quisque erat eros, viverra eget, congue eget, semper rutrum, nulla. Nunc purus."
8419cd5b-f3c7-4550-8574-fd766ffe5391,2025-04-28T10:58:48Z,9a9c5b93-f542-4598-9840-d186fa3b855d,comment,"Cum sociis natoque penatibus et magnis dis parturient montes, nascetur ridiculus mus. Etiam vel augue. Vestibulum rutrum rutrum neque. Aenean auctor gravida sem. Praesent id massa id nisl venenatis lacinia."
4916dee1-cdca-4caf-9e3e-ef6abd7252d7,2024-12-05T09:37:19Z,3d9fed4c-ab8b-4ed7-b770-d90237f4680d,comment,"Duis mattis egestas metus. Aenean fermentum. Donec ut mauris eget massa tempor convallis. Nulla neque libero, convallis eget, eleifend luctus, ultricies eu, nibh."
d29239f9-4bc4-46cb-86ed-52cb2eaa95a3,2025-03-25T04:03:46Z,8b5a0e52-b1b0-4236-829c-bd7698fe1a5a,follow,"Vestibulum ante ipsum primis in faucibus orci luctus et ultrices posuere cubilia Curae; Donec pharetra, magna vestibulum aliquet ultrices, erat tortor sollicitudin mi, sit amet lobortis sapien sapien non mi. Integer ac neque. Duis bibendum. Morbi non quam nec dui luctus rutrum. Nulla tellus. In sagittis dui vel nisl. Duis ac nibh. Fusce lacus purus, aliquet at, feugiat non, pretium quis, lectus. Suspendisse potenti."
e0ee62db-2fab-4367-b8c6-f848c37f149e,2024-09-27T14:41:38Z,de014ee9-2248-447f-94ad-055bac10d677,follow,Ut tellus.
dc00e73f-373e-4612-bb7a-656cc9e0fb65,2024-08-26T07:22:29Z,047ba420-510f-4f53-9c5c-b13132c9241f,like,Nulla ut erat id mauris vulputate elementum. Nullam varius. Nulla facilisi. Cras non velit nec nisi vulputate nonummy. Maecenas tincidunt lacus at velit.
d969723a-3a53-4e13-a6f3-8204d47714fe,2025-03-04T17:43:37Z,e91d002c-3fb8-4970-899a-9b828efeb510,comment,"Proin leo odio, porttitor id, consequat in, consequat ut, nulla. Sed accumsan felis. Ut at dolor quis odio consequat varius. Integer ac leo. Pellentesque ultrices mattis odio. Donec vitae nisi. Nam ultrices, libero non mattis pulvinar, nulla pede ullamcorper augue, a suscipit nulla elit ac nulla."
84f24aab-3b92-4559-8110-2b2dcf4d42e3,2025-04-26T10:24:34Z,2e112ca3-5279-49a3-b05c-340798a78529,like,"In est risus, auctor sed, tristique in, tempus sit amet, sem. Fusce consequat. Nulla nisl."
3cad2eca-c2c8-4fec-a8a5-ce7694a21ced,2025-03-01T06:40:08Z,f1121525-f2d1-4b47-82d3-c78d223ce7fa,like,Aenean auctor gravida sem.
9690dbd4-e8c0-4677-bd47-61dec19578f3,2024-08-04T09:06:05Z,d56d9f52-255e-4025-b59e-be6bd29cec99,like,"Vestibulum ante ipsum primis in faucibus orci luctus et ultrices posuere cubilia Curae; Donec pharetra, magna vestibulum aliquet ultrices, erat tortor sollicitudin mi, sit amet lobortis sapien sapien non mi. Integer ac neque. Duis bibendum. Morbi non quam nec dui luctus rutrum. Nulla tellus. In sagittis dui vel nisl. Duis ac nibh. Fusce lacus purus, aliquet at, feugiat non, pretium quis, lectus."
9e5ea652-4581-48e1-be75-de5510c21188,2025-03-21T08:28:55Z,75f275e0-7cac-4d54-90a3-aa60071a1dce,like,Phasellus id sapien in sapien iaculis congue.
7adea1bf-da93-4f22-b1fb-9c1d0a733b7d,2024-05-26T15:43:30Z,515e8455-2e17-4524-8105-117ae6ebe73b,comment,Praesent blandit. Nam nulla.
d7b3e359-447d-423b-89bb-d8f70eff389b,2025-01-10T17:38:31Z,4812809f-91c1-4a2e-9e65-9c0cd574aad6,follow,Ut tellus. Nulla ut erat id mauris vulputate elementum.
36992cef-012b-4572-afa5-508bda34adb4,2024-07-07T23:54:26Z,323c9a27-29b0-4a78-961b-773a5ca68934,like,Etiam justo. Etiam pretium iaculis justo. In hac habitasse platea dictumst. Etiam faucibus cursus urna. Ut tellus. Nulla ut erat id mauris vulputate elementum.
7bc09cbb-2459-4c35-8119-2513db7bfd4e,2024-06-25T00:23:27Z,db5e6a73-4c6b-4741-a328-67662bcd24f6,like,Sed accumsan felis. Ut at dolor quis odio consequat varius.
51f33581-3fbc-4440-b7e0-1b59658fd453,2024-07-22T06:58:57Z,25a2e7f7-ed0b-4d10-9f74-914c7fa07f6e,like,"Proin leo odio, porttitor id, consequat in, consequat ut, nulla. Sed accumsan felis. Ut at dolor quis odio consequat varius. Integer ac leo. Pellentesque ultrices mattis odio. Donec vitae nisi. Nam ultrices, libero non mattis pulvinar, nulla pede ullamcorper augue, a suscipit nulla elit ac nulla. Sed vel enim sit amet nunc viverra dapibus."
0db1d726-416a-4b40-8bf6-ad1c31e8665f,2025-03-18T23:22:21Z,ae4fb5e7-64d5-4050-81bc-7863526e97ca,follow,Integer ac neque. Duis bibendum. Morbi non quam nec dui luctus rutrum. Nulla tellus. In sagittis dui vel nisl.
e776a239-854f-44b3-b795-6be099f02c98,2025-02-14T12:44:41Z,293566b4-f4f6-479c-a224-f2c3498c59bd,follow,"Nulla mollis molestie lorem. Quisque ut erat. Curabitur gravida nisi at nibh. In hac habitasse platea dictumst. Aliquam augue quam, sollicitudin vitae, consectetuer eget, rutrum at, lorem. Integer tincidunt ante vel ipsum. Praesent blandit lacinia erat. Vestibulum sed magna at nunc commodo placerat. Praesent blandit. Nam nulla."
f7233cce-c01c-4dc7-acc5-1c5c6f30ad73,2024-11-21T21:09:48Z,4b3f742d-9027-42bb-830f-6aa11c9785c9,like,"Vivamus tortor. Duis mattis egestas metus. Aenean fermentum. Donec ut mauris eget massa tempor convallis. Nulla neque libero, convallis eget, eleifend luctus, ultricies eu, nibh. Quisque id justo sit amet sapien dignissim vestibulum. Vestibulum ante ipsum primis in faucibus orci luctus et ultrices posuere cubilia Curae; Nulla dapibus dolor vel est. Donec odio justo, sollicitudin ut, suscipit a, feugiat et, eros. Vestibulum ac est lacinia nisi venenatis tristique."
1f44395c-ab99-445c-b772-19b1afa72d33,2025-03-18T23:18:00Z,720aefe8-2250-41f9-b293-db66ffa13881,comment,Sed sagittis.
a298bb54-ad7d-4040-b71d-43447052c75c,2025-01-03T15:12:54Z,3b47cc9b-566c-400c-a533-3acdc148ce2d,comment,"Donec quis orci eget orci vehicula condimentum. Curabitur in libero ut massa volutpat convallis. Morbi odio odio, elementum eu, interdum eu, tincidunt in, leo. Maecenas pulvinar lobortis est."
c686089b-6f01-4ba1-96e4-655ee74ea6d9,2025-05-09T08:23:05Z,3bbc1539-bb0f-46ed-8368-d51a9429a4a1,like,Aliquam quis turpis eget elit sodales scelerisque. Mauris sit amet eros. Suspendisse accumsan tortor quis turpis.
f90e0ae3-1a82-4bb1-8145-5c02badd6405,2024-07-16T06:31:50Z,99a0661d-19e4-4e38-a816-29af170617f9,follow,"Donec vitae nisi. Nam ultrices, libero non mattis pulvinar, nulla pede ullamcorper augue, a suscipit nulla elit ac nulla. Sed vel enim sit amet nunc viverra dapibus. Nulla suscipit ligula in lacus. Curabitur at ipsum ac tellus semper interdum. Mauris ullamcorper purus sit amet nulla. Quisque arcu libero, rutrum ac, lobortis vel, dapibus at, diam."
9dd58bf5-71c8-4579-8fe9-95b122b2c299,2024-10-23T20:55:24Z,865b5a80-c386-4e11-bb4e-df2141f10cb3,follow,"Curabitur gravida nisi at nibh. In hac habitasse platea dictumst. Aliquam augue quam, sollicitudin vitae, consectetuer eget, rutrum at, lorem. Integer tincidunt ante vel ipsum."
91ee4fa6-28a9-4b63-b52f-4100b814d34f,2024-11-28T06:46:05Z,142c320a-cf5b-4973-b318-775a74b88f2a,follow,"Etiam faucibus cursus urna. Ut tellus. Nulla ut erat id mauris vulputate elementum. Nullam varius. Nulla facilisi. Cras non velit nec nisi vulputate nonummy. Maecenas tincidunt lacus at velit. Vivamus vel nulla eget eros elementum pellentesque. Quisque porta volutpat erat. Quisque erat eros, viverra eget, congue eget, semper rutrum, nulla."
f4915016-5e12-4a14-88ff-71d20294719a,2024-05-13T21:19:11Z,df584260-a978-4731-8647-6eb8e7c24534,follow,Nulla tempus.
27045ef9-e933-493d-a92b-4fbe177fcfc9,2025-03-09T14:42:46Z,f5aa65fd-f074-4cc1-8bfa-f129707348d1,comment,"Proin risus. Praesent lectus. Vestibulum quam sapien, varius ut, blandit non, interdum in, ante. Vestibulum ante ipsum primis in faucibus orci luctus et ultrices posuere cubilia Curae; Duis faucibus accumsan odio. Curabitur convallis. Duis consequat dui nec nisi volutpat eleifend. Donec ut dolor. Morbi vel lectus in quam fringilla rhoncus. Mauris enim leo, rhoncus sed, vestibulum sit amet, cursus id, turpis."
c8fa34ec-0fa4-469a-bf72-ccc3f88a116f,2025-02-02T10:30:33Z,07d9b574-8c64-49ed-8d50-a6694a8c3189,follow,"Cras pellentesque volutpat dui. Maecenas tristique, est et tempus semper, est quam pharetra magna, ac consequat metus sapien ut nunc. Vestibulum ante ipsum primis in faucibus orci luctus et ultrices posuere cubilia Curae; Mauris viverra diam vitae quam. Suspendisse potenti. Nullam porttitor lacus at turpis. Donec posuere metus vitae ipsum. Aliquam non mauris. Morbi non lectus. Aliquam sit amet diam in magna bibendum imperdiet."
2c11a2d1-8fcb-4019-869d-476593af5957,2024-10-07T11:37:47Z,31a952c2-3b4a-4b0d-a375-9e79a64da915,like,"Aliquam sit amet diam in magna bibendum imperdiet. Nullam orci pede, venenatis non, sodales sed, tincidunt eu, felis. Fusce posuere felis sed lacus. Morbi sem mauris, laoreet ut, rhoncus aliquet, pulvinar sed, nisl. Nunc rhoncus dui vel sem. Sed sagittis. Nam congue, risus semper porta volutpat, quam pede lobortis ligula, sit amet eleifend pede libero quis orci."
4dbe1968-53d0-4061-b5c0-bfa6e676714a,2025-03-03T03:47:15Z,2b260bef-9d1b-4306-98c5-2267095e4a01,like,"Quisque porta volutpat erat. Quisque erat eros, viverra eget, congue eget, semper rutrum, nulla. Nunc purus. Phasellus in felis. Donec semper sapien a libero."
ae8ea18e-53e8-4626-bd21-032fd3f447da,2024-06-22T14:29:31Z,f8b1c136-9e11-4fdf-b5af-584f060cba46,comment,"Curabitur gravida nisi at nibh. In hac habitasse platea dictumst. Aliquam augue quam, sollicitudin vitae, consectetuer eget, rutrum at, lorem."
6eca6489-06c3-42f9-8825-be11b641c90d,2024-09-05T02:07:24Z,d45d2ec1-6f18-4951-9028-bfe9113de309,follow,"Proin leo odio, porttitor id, consequat in, consequat ut, nulla. Sed accumsan felis. Ut at dolor quis odio consequat varius. Integer ac leo."
a44cdf1c-4439-4804-925e-7e24e1d6f778,2024-08-20T16:30:35Z,97f7d4dc-e294-4111-87bc-2cf01398f811,like,"Morbi non quam nec dui luctus rutrum. Nulla tellus. In sagittis dui vel nisl. Duis ac nibh. Fusce lacus purus, aliquet at, feugiat non, pretium quis, lectus. Suspendisse potenti. In eleifend quam a odio."
60805b64-6321-4574-b4a5-e7937c2cc11d,2024-08-05T16:01:16Z,cd496e7e-0a3d-4a08-b63f-a022a52f0ea4,comment,"Vestibulum quam sapien, varius ut, blandit non, interdum in, ante. Vestibulum ante ipsum primis in faucibus orci luctus et ultrices posuere cubilia Curae; Duis faucibus accumsan odio. Curabitur convallis. Duis consequat dui nec nisi volutpat eleifend. Donec ut dolor."
584c4be7-bd20-4425-b84b-5204e3e890c5,2024-08-18T01:45:44Z,14e9adff-36c6-429c-9a15-31e3726a5cf6,comment,Sed vel enim sit amet nunc viverra dapibus. Nulla suscipit ligula in lacus. Curabitur at ipsum ac tellus semper interdum.
5c5e3664-afd7-4249-8779-1303c8950bbd,2024-11-12T09:05:42Z,8d7f0e53-0e19-4cfe-9de8-6ed56bd22526,comment,"Ut at dolor quis odio consequat varius. Integer ac leo. Pellentesque ultrices mattis odio. Donec vitae nisi. Nam ultrices, libero non mattis pulvinar, nulla pede ullamcorper augue, a suscipit nulla elit ac nulla. Sed vel enim sit amet nunc viverra dapibus. Nulla suscipit ligula in lacus. Curabitur at ipsum ac tellus semper interdum. Mauris ullamcorper purus sit amet nulla. Quisque arcu libero, rutrum ac, lobortis vel, dapibus at, diam."
84079d80-c9aa-4e3d-a389-72872acedb6f,2024-11-25T00:16:49Z,346b2a05-a149-4283-8b1c-cbdfa7cca43c,comment,"Vivamus vestibulum sagittis sapien. Cum sociis natoque penatibus et magnis dis parturient montes, nascetur ridiculus mus."
27e30bde-6e82-45d5-9b0e-0199ff9df994,2024-09-10T20:56:14Z,7c4db8fd-412c-4cb1-8051-47d0f499e715,like,Nulla suscipit ligula in lacus. Curabitur at ipsum ac tellus semper interdum. Mauris ullamcorper purus sit amet nulla.
fe979d36-2b14-49e9-82e9-831cc0f5ceb0,2024-10-16T22:03:52Z,958b8f5b-c61b-4880-bd5c-bfbd3343c89e,comment,Mauris lacinia sapien quis libero. Nullam sit amet turpis elementum ligula vehicula consequat. Morbi a ipsum.
2df5feab-3e3b-4cdb-82bd-e58854b7ba35,2024-05-18T09:15:14Z,b44d5b5f-938b-45ea-9969-637965471f7d,comment,Mauris lacinia sapien quis libero. Nullam sit amet turpis elementum ligula vehicula consequat. Morbi a ipsum. Integer a nibh.
9ee66cc4-8640-4f02-83e1-a20184fb8450,2025-01-31T16:24:56Z,9845c7a5-46c6-4689-b00f-179246ac5ad6,follow,Nulla justo. Aliquam quis turpis eget elit sodales scelerisque. Mauris sit amet eros. Suspendisse accumsan tortor quis turpis. Sed ante. Vivamus tortor. Duis mattis egestas metus. Aenean fermentum.
0f6d7cde-5959-41b7-8449-31d1630fbf1b,2024-10-04T22:02:36Z,4b2bc736-41a9-42e3-b4a0-b53ff0d31b02,comment,"Quisque arcu libero, rutrum ac, lobortis vel, dapibus at, diam."
