post_id,comment_id,user_id,commented_at,comment,user_name
4d2acf36-70a9-4c6b-a820-848cf0561b12,2d512acc-4eca-47c1-8680-c603af8d08ce,0745bcd8-d925-4a8c-b356-c6ca39568594,2025-02-25T03:27:35Z,"Duis bibendum, felis sed interdum venenatis, turpis enim blandit mi, in porttitor pede justo eu massa. Donec dapibus. Duis at velit eu est congue elementum.

In hac habitasse platea dictumst. Morbi vestibulum, velit id pretium iaculis, diam erat fermentum justo, nec condimentum neque sapien placerat ante. Nulla justo.

Aliquam quis turpis eget elit sodales scelerisque. Mauris sit amet eros. Suspendisse accumsan tortor quis turpis.",lgalletly0
5fdef26d-2ec4-4c15-a194-968cfd578e01,d2b66cfe-8100-41d6-9812-620f5f530187,e3b2f2e4-dd30-45ab-8ed8-235b7385cb1a,2024-10-17T18:13:27Z,"Proin leo odio, porttitor id, consequat in, consequat ut, nulla. Sed accumsan felis. Ut at dolor quis odio consequat varius.",bmcmackin1
ae5da2f7-49bd-4260-92f9-a84fcb07baed,a975647f-7337-4755-b7f6-1242eb3b4976,882b9642-ae1e-4448-abb3-3a4dd179415d,2024-08-21T03:59:23Z,"Quisque porta volutpat erat. Quisque erat eros, viverra eget, congue eget, semper rutrum, nulla. Nunc purus.",fweinberg2
0e2f58b2-4880-4242-acd1-8d50bf43cd1f,738b6145-497c-481f-ac20-778521cac8b2,ad9559ba-6c5c-4dbf-9a6e-1b631e8a87e2,2024-12-20T20:53:12Z,Phasellus in felis. Donec semper sapien a libero. Nam dui.,dakker3
c9b1770f-4a11-4a05-ace2-5ae658bf893a,fed9f959-faec-431c-821b-01858cf41641,210c50be-dc88-4a19-bff3-de9cdd3f8466,2025-03-12T05:55:45Z,"Integer tincidunt ante vel ipsum. Praesent blandit lacinia erat. Vestibulum sed magna at nunc commodo placerat.

Praesent blandit. Nam nulla. Integer pede justo, lacinia eget, tincidunt eget, tempus vel, pede.",ascambler4
5b1912b9-580b-4f93-bceb-23a26bbb7998,cd991996-33e8-47e6-9ec0-855e96440903,acee3af6-91c1-4f0a-84df-02a16cfdba57,2024-10-09T08:27:33Z,"Cras mi pede, malesuada in, imperdiet et, commodo vulputate, justo. In blandit ultrices enim. Lorem ipsum dolor sit amet, consectetuer adipiscing elit.

Proin interdum mauris non ligula pellentesque ultrices. Phasellus id sapien in sapien iaculis congue. Vivamus metus arcu, adipiscing molestie, hendrerit at, vulputate vitae, nisl.",gbraiden5
ba60f103-97ac-4ab2-8619-6f1b5abc4d18,293addb2-245a-434a-8119-5ca4e98e4765,5e47d76b-3ba3-45b9-a13a-b4da228d5987,2025-01-07T23:00:00Z,"Mauris enim leo, rhoncus sed, vestibulum sit amet, cursus id, turpis. Integer aliquet, massa id lobortis convallis, tortor risus dapibus augue, vel accumsan tellus nisi eu orci. Mauris lacinia sapien quis libero.

Nullam sit amet turpis elementum ligula vehicula consequat. Morbi a ipsum. Integer a nibh.

In quis justo. Maecenas rhoncus aliquam lacus. Morbi quis tortor id nulla ultrices aliquet.",mgiffin6
17905c12-940b-4134-9cc2-27cbe31a2a9d,48200d8a-7926-4ee3-94a0-f7a38914529b,54ea92f5-611c-4049-91c9-320da34e7988,2024-06-13T15:40:45Z,Suspendisse potenti. In eleifend quam a odio. In hac habitasse platea dictumst.,hstoyles7
cd2a8efb-69a8-43a0-882b-000fb9646653,a96c0775-8cb5-4293-ad23-352ae952e221,3d4922d3-f573-4d50-956c-69c47e8e0037,2024-09-21T21:30:40Z,"Proin interdum mauris non ligula pellentesque ultrices. Phasellus id sapien in sapien iaculis congue. Vivamus metus arcu, adipiscing molestie, hendrerit at, vulputate vitae, nisl.",mgeering8
c9327c75-be68-4d35-8d6e-98d26bfdc030,d385f33c-8eba-4ae1-bb79-790d5ad3226d,cb46649f-33f0-4c7f-9599-04173dcf6130,2025-02-23T03:12:56Z,"Proin eu mi. Nulla ac enim. In tempor, turpis nec euismod scelerisque, quam turpis adipiscing lorem, vitae mattis nibh ligula nec sem.",etonna9
417f1aac-e5d2-4313-8414-51ad22090844,76c7227c-f0c8-40ea-97e8-d8c5ad7263d0,2a60167c-105b-4dc3-9916-c41c32cb2f1e,2024-11-09T06:01:44Z,Fusce consequat. Nulla nisl. Nunc nisl.,cabbetsa
0bd21f54-54f8-41ae-9291-55e65480707e,7668bbbf-2d52-429a-8f38-675c81e00525,8803a8f0-06e9-4a28-b01d-2e710c4254c1,2025-02-01T14:58:55Z,"Morbi porttitor lorem id ligula. Suspendisse ornare consequat lectus. In est risus, auctor sed, tristique in, tempus sit amet, sem.",aquinbyb
0a6d63bf-f195-456f-8d8a-a754e8b7f92a,3e291c82-c735-40e2-9cd6-94b12ff220da,f4c03db2-7cf1-4b67-b178-b22d5ede7c52,2024-06-20T01:44:49Z,"Duis aliquam convallis nunc. Proin at turpis a pede posuere nonummy. Integer non velit.

Donec diam neque, vestibulum eget, vulputate ut, ultrices vel, augue. Vestibulum ante ipsum primis in faucibus orci luctus et ultrices posuere cubilia Curae; Donec pharetra, magna vestibulum aliquet ultrices, erat tortor sollicitudin mi, sit amet lobortis sapien sapien non mi. Integer ac neque.",kjacoxc
1a551aa5-3f94-429e-9f39-79849d73bf88,23a48b81-5f1d-4de5-b1b8-91750d0bfb72,4151a83e-66a2-436f-a2e9-dcad5100d799,2025-02-04T14:22:15Z,"Praesent blandit. Nam nulla. Integer pede justo, lacinia eget, tincidunt eget, tempus vel, pede.

Morbi porttitor lorem id ligula. Suspendisse ornare consequat lectus. In est risus, auctor sed, tristique in, tempus sit amet, sem.",sjillittd
dfde1ff7-0c7d-49ea-aa9c-78b037e1eba1,d82be524-e72d-4878-a2fb-665c55356c70,c88383af-2d97-40ef-88f5-c6ac9ada1810,2025-04-22T18:53:49Z,"Cras mi pede, malesuada in, imperdiet et, commodo vulputate, justo. In blandit ultrices enim. Lorem ipsum dolor sit amet, consectetuer adipiscing elit.",ocamellinie
f86bc09c-4d65-43db-9d68-1478a821cf53,4689744a-1f70-45ca-b0f8-ccde21252108,3322d7b3-033f-4ba7-9f1f-cdf12823644c,2024-12-12T04:17:17Z,Aliquam quis turpis eget elit sodales scelerisque. Mauris sit amet eros. Suspendisse accumsan tortor quis turpis.,smalinf
e6dd9d7a-66a6-4e17-b163-83d3676b340e,e3fc42f4-5e24-442f-aa56-48135a1326e7,37a3cadb-1151-408d-b8f3-3347423b628f,2024-12-30T11:08:32Z,"Proin eu mi. Nulla ac enim. In tempor, turpis nec euismod scelerisque, quam turpis adipiscing lorem, vitae mattis nibh ligula nec sem.",dshelfordg
1a9789b2-cb60-471f-a787-a5d4747eca98,56b2714a-242b-48e6-a1ce-99afbb04216a,c7b84352-7f5c-4c16-9336-e5a055883ffd,2024-05-26T13:50:59Z,"In hac habitasse platea dictumst. Etiam faucibus cursus urna. Ut tellus.

Nulla ut erat id mauris vulputate elementum. Nullam varius. Nulla facilisi.",dslatcherh
fe7736b8-f253-41ef-ba42-b0bb78974bad,6d8bc31a-88e8-4378-ad58-360114ed896f,21455251-04e2-4081-a037-d23489c741c3,2024-12-19T08:57:28Z,"Curabitur gravida nisi at nibh. In hac habitasse platea dictumst. Aliquam augue quam, sollicitudin vitae, consectetuer eget, rutrum at, lorem.

Integer tincidunt ante vel ipsum. Praesent blandit lacinia erat. Vestibulum sed magna at nunc commodo placerat.

Praesent blandit. Nam nulla. Integer pede justo, lacinia eget, tincidunt eget, tempus vel, pede.",mboscheri
78de6f28-ab12-4bf4-982f-e0a320f01c24,4df43ef5-2a0a-4578-a5f9-7435db48e3d8,5ee6487e-d38b-4f96-a4d5-cf76b0950976,2025-04-09T08:26:58Z,Praesent id massa id nisl venenatis lacinia. Aenean sit amet justo. Morbi ut odio.,tavrahamovj
c694ec51-6868-48b7-a9dd-633e12831c0d,4f325963-866f-4c3d-a4eb-1404f1ff6e85,3fc1994e-8fee-413b-b700-dfbc364f4792,2024-07-17T18:30:18Z,"Integer tincidunt ante vel ipsum. Praesent blandit lacinia erat. Vestibulum sed magna at nunc commodo placerat.

Praesent blandit. Nam nulla. Integer pede justo, lacinia eget, tincidunt eget, tempus vel, pede.

Morbi porttitor lorem id ligula. Suspendisse ornare consequat lectus. In est risus, auctor sed, tristique in, tempus sit amet, sem.",vlathank
4eaddb4e-121d-4b54-bf5b-f3dbfd0e6c27,6a96c5dc-badb-4e0f-99cd-8ed6a83ba140,de66e35b-1f0a-428a-a013-66315164d7ce,2024-10-11T07:35:08Z,"Duis bibendum, felis sed interdum venenatis, turpis enim blandit mi, in porttitor pede justo eu massa. Donec dapibus. Duis at velit eu est congue elementum.",dclowesl
23690d29-05dc-481a-8570-565244f5fd3c,5a55bf24-8735-471b-b45a-e969af613c41,7f1c8bc2-2678-4419-941c-3cb5190dd4b1,2024-08-21T01:16:29Z,"Cras non velit nec nisi vulputate nonummy. Maecenas tincidunt lacus at velit. Vivamus vel nulla eget eros elementum pellentesque.

Quisque porta volutpat erat. Quisque erat eros, viverra eget, congue eget, semper rutrum, nulla. Nunc purus.

Phasellus in felis. Donec semper sapien a libero. Nam dui.",rtoursm
9924ca15-5a79-4840-a81c-367850843f1f,a41f735c-d012-4272-9ab9-874ba119c815,26673e6d-3b40-419c-a009-2a9c74bdbc5f,2025-04-04T12:19:49Z,"Donec diam neque, vestibulum eget, vulputate ut, ultrices vel, augue. Vestibulum ante ipsum primis in faucibus orci luctus et ultrices posuere cubilia Curae; Donec pharetra, magna vestibulum aliquet ultrices, erat tortor sollicitudin mi, sit amet lobortis sapien sapien non mi. Integer ac neque.

Duis bibendum. Morbi non quam nec dui luctus rutrum. Nulla tellus.",ningarfieldn
75e5c683-9fc4-4fb0-a3c4-e3d67eb48993,ebcf464e-23b6-4209-90ac-7a7b6385109f,0f1eb9ef-2395-40b5-b101-271dce04559e,2024-12-03T18:57:54Z,"Nullam sit amet turpis elementum ligula vehicula consequat. Morbi a ipsum. Integer a nibh.

In quis justo. Maecenas rhoncus aliquam lacus. Morbi quis tortor id nulla ultrices aliquet.",gmurneyo
bb973acb-4b88-4a77-9063-0b95e8379c73,690ca7e6-eaa3-407b-8c47-7d7d730945b2,88a55ec4-cfc6-4801-a4dd-a5db2f789ba3,2024-08-13T05:25:35Z,"Vestibulum ac est lacinia nisi venenatis tristique. Fusce congue, diam id ornare imperdiet, sapien urna pretium nisl, ut volutpat sapien arcu sed augue. Aliquam erat volutpat.",dphiferp
0943fee2-0836-48a2-94b7-bf9f8ee76ab7,af41995c-2e66-4e3f-8619-02e95bf56832,32fd00aa-ec1a-48c8-acba-041d2b5abe8d,2024-08-30T11:36:21Z,"Praesent blandit. Nam nulla. Integer pede justo, lacinia eget, tincidunt eget, tempus vel, pede.

Morbi porttitor lorem id ligula. Suspendisse ornare consequat lectus. In est risus, auctor sed, tristique in, tempus sit amet, sem.",cmannockq
d8b58490-630f-475a-ad0f-2541b4dff245,50ef376d-458f-4bab-a9ac-5a03666739e3,1205ee2e-73bf-41e8-a460-ac060c067030,2025-04-07T08:31:46Z,"Fusce consequat. Nulla nisl. Nunc nisl.

Duis bibendum, felis sed interdum venenatis, turpis enim blandit mi, in porttitor pede justo eu massa. Donec dapibus. Duis at velit eu est congue elementum.

In hac habitasse platea dictumst. Morbi vestibulum, velit id pretium iaculis, diam erat fermentum justo, nec condimentum neque sapien placerat ante. Nulla justo.",fbenedekr
2fba5221-f382-462a-816c-089fc797af7f,9cb13703-30fe-4db6-97e1-e3de4d158590,68b4f800-d626-4fb1-84ab-3c80e5c5da51,2025-01-19T20:17:44Z,"In hac habitasse platea dictumst. Etiam faucibus cursus urna. Ut tellus.

Nulla ut erat id mauris vulputate elementum. Nullam varius. Nulla facilisi.",mmorings
be6018bb-3028-409e-938d-b1ca45f1a421,20b107ca-760d-4960-a791-d9e1e75d0f4c,6e9be377-3aa2-4db7-b878-600c02cc4d4e,2024-08-29T09:10:26Z,"Phasellus sit amet erat. Nulla tempus. Vivamus in felis eu sapien cursus vestibulum.

Proin eu mi. Nulla ac enim. In tempor, turpis nec euismod scelerisque, quam turpis adipiscing lorem, vitae mattis nibh ligula nec sem.",ifulbrookt
f0c10d39-c7c1-4390-83af-6246f949ee51,50fa87cb-a154-49ee-b16d-df06869f76c7,b98aeb87-d921-4ed5-a582-47e87254343a,2025-03-30T08:16:43Z,"Morbi non lectus. Aliquam sit amet diam in magna bibendum imperdiet. Nullam orci pede, venenatis non, sodales sed, tincidunt eu, felis.

Fusce posuere felis sed lacus. Morbi sem mauris, laoreet ut, rhoncus aliquet, pulvinar sed, nisl. Nunc rhoncus dui vel sem.",fcrumptonu
4e3d28ed-4351-4747-b912-e994d9a6de7e,82e656b9-3776-4270-9b7e-0c783ae83f44,f32ef6da-08c6-48d4-9d54-218f0b6e81ae,2024-11-03T20:51:45Z,"Duis consequat dui nec nisi volutpat eleifend. Donec ut dolor. Morbi vel lectus in quam fringilla rhoncus.

Mauris enim leo, rhoncus sed, vestibulum sit amet, cursus id, turpis. Integer aliquet, massa id lobortis convallis, tortor risus dapibus augue, vel accumsan tellus nisi eu orci. Mauris lacinia sapien quis libero.

Nullam sit amet turpis elementum ligula vehicula consequat. Morbi a ipsum. Integer a nibh.",jsnowlingv
5d208915-ff86-4853-9558-4efcbad9d2ac,98e296a8-c3f5-4b02-9f08-ea3773242f26,ee2a4ae3-90e5-41d3-8e0c-99967df7c08f,2024-10-21T20:56:33Z,"Quisque porta volutpat erat. Quisque erat eros, viverra eget, congue eget, semper rutrum, nulla. Nunc purus.",mornizw
872c479a-7189-4cf9-9e36-67546f09a9e3,e82748d8-892c-4181-8a33-7bf5c9dee1c6,e6d53abc-3e86-498e-8a84-5faf27dd3c6a,2024-12-26T15:08:45Z,"Cum sociis natoque penatibus et magnis dis parturient montes, nascetur ridiculus mus. Vivamus vestibulum sagittis sapien. Cum sociis natoque penatibus et magnis dis parturient montes, nascetur ridiculus mus.

Etiam vel augue. Vestibulum rutrum rutrum neque. Aenean auctor gravida sem.",cchismanx
9060bdfd-379e-4462-b0e0-3490139127c8,71e38fc8-4b9f-457f-a18a-117eccced922,0f78c802-ca52-4664-94f9-d6ea172364d0,2024-10-24T02:02:42Z,"Nullam porttitor lacus at turpis. Donec posuere metus vitae ipsum. Aliquam non mauris.

Morbi non lectus. Aliquam sit amet diam in magna bibendum imperdiet. Nullam orci pede, venenatis non, sodales sed, tincidunt eu, felis.",nbigmorey
ef1df3c7-5c5e-402d-8b55-1be5d77c9c00,a29f92e1-7683-4903-82b5-d610e96f8e57,658619dd-42ae-4076-a9f1-020dee7478e0,2024-07-29T15:37:39Z,"Phasellus sit amet erat. Nulla tempus. Vivamus in felis eu sapien cursus vestibulum.

Proin eu mi. Nulla ac enim. In tempor, turpis nec euismod scelerisque, quam turpis adipiscing lorem, vitae mattis nibh ligula nec sem.

Duis aliquam convallis nunc. Proin at turpis a pede posuere nonummy. Integer non velit.",gtorrentz
bc533e53-48c3-4b2c-bd99-d97fa2a4d5a3,07bfc7eb-4af6-403e-b9b0-264f2b6306aa,a35aa0ff-0fd9-401c-845b-a2c26d06debb,2024-10-12T00:29:13Z,"Cum sociis natoque penatibus et magnis dis parturient montes, nascetur ridiculus mus. Vivamus vestibulum sagittis sapien. Cum sociis natoque penatibus et magnis dis parturient montes, nascetur ridiculus mus.",stague10
22cc2355-2fe4-49f7-839d-27e50a4b5d7c,f4475eda-16c9-4660-bbbd-9534d5194843,58ae583b-29c2-4583-ae00-cf00a6734469,2024-07-22T10:00:50Z,"Duis consequat dui nec nisi volutpat eleifend. Donec ut dolor. Morbi vel lectus in quam fringilla rhoncus.

Mauris enim leo, rhoncus sed, vestibulum sit amet, cursus id, turpis. Integer aliquet, massa id lobortis convallis, tortor risus dapibus augue, vel accumsan tellus nisi eu orci. Mauris lacinia sapien quis libero.",cbesant11
e76cf063-0778-4405-8513-549b4f72e5a9,441d7013-c65d-4639-91da-5dda64b10d96,549f66f4-6550-40d0-a6de-bdb5b2937650,2025-03-31T01:12:02Z,"In hac habitasse platea dictumst. Morbi vestibulum, velit id pretium iaculis, diam erat fermentum justo, nec condimentum neque sapien placerat ante. Nulla justo.",rmaslin12
a32c210e-94eb-477b-b248-102e2a0c1916,6835bfbd-f2c8-44d6-aa5f-076a48ad11aa,50e948f7-8ffe-443f-ac19-eca672d5c0c7,2024-11-07T22:05:11Z,"Cras mi pede, malesuada in, imperdiet et, commodo vulputate, justo. In blandit ultrices enim. Lorem ipsum dolor sit amet, consectetuer adipiscing elit.

Proin interdum mauris non ligula pellentesque ultrices. Phasellus id sapien in sapien iaculis congue. Vivamus metus arcu, adipiscing molestie, hendrerit at, vulputate vitae, nisl.",tgonnin13
0d2b0c9c-97d7-4e18-bd13-406496796502,90fa067e-ed06-4ff9-8603-bbbd8a4cba99,694bda70-db86-43f9-b55a-d69d3e03c9cf,2024-09-30T13:49:13Z,"In congue. Etiam justo. Etiam pretium iaculis justo.

In hac habitasse platea dictumst. Etiam faucibus cursus urna. Ut tellus.",pmacguire14
bb123e9e-45cc-4258-b711-9bdc4f7e0921,8c483cfc-7a92-447a-896c-858b47d35fdb,7c864f2f-4d5b-4033-a7a2-e6086dd684f9,2024-09-29T05:43:59Z,Integer tincidunt ante vel ipsum. Praesent blandit lacinia erat. Vestibulum sed magna at nunc commodo placerat.,pfussey15
886b74b6-d28f-4120-86c7-1b7b912d9616,a02eb960-8cc3-4d76-8e89-e0c7016ca821,cd8df895-9087-4039-9149-2dc4c97b5f65,2025-04-08T17:12:25Z,"Praesent id massa id nisl venenatis lacinia. Aenean sit amet justo. Morbi ut odio.

Cras mi pede, malesuada in, imperdiet et, commodo vulputate, justo. In blandit ultrices enim. Lorem ipsum dolor sit amet, consectetuer adipiscing elit.",jgalle16
5bd0ba62-1fad-4fe7-878d-1c2fdd5d153e,c26e5dcf-e5e7-4569-a77c-4f97be8ebd03,648d2ad5-181a-4550-a0e3-0e968b378b6e,2024-09-27T04:18:45Z,In hac habitasse platea dictumst. Etiam faucibus cursus urna. Ut tellus.,ebrewse17
6c6430b1-72a2-46a3-aa00-5fd8260c5011,5a4220a9-767a-4799-8386-cd151f289c01,d621e69a-3d12-4cfa-b9a9-0b3c7d951493,2025-01-07T22:59:57Z,"Integer ac leo. Pellentesque ultrices mattis odio. Donec vitae nisi.

Nam ultrices, libero non mattis pulvinar, nulla pede ullamcorper augue, a suscipit nulla elit ac nulla. Sed vel enim sit amet nunc viverra dapibus. Nulla suscipit ligula in lacus.",mmcrobbie18
9addeb06-b330-4b8d-a1d1-7395e1b0f7a7,77f5e0f7-09ec-41fe-bb21-72e4dca2e5cf,86ed359c-7017-46da-a490-6098b59bb112,2024-10-03T03:38:57Z,Duis aliquam convallis nunc. Proin at turpis a pede posuere nonummy. Integer non velit.,ecroshaw19
06eade7f-31d3-4d6a-8bc6-ff698324f2b0,9d2ece95-5aab-409b-b80b-c7a707a099fc,78948c25-e19e-4ea1-b1bf-29bbf8841ddb,2024-07-13T13:49:56Z,"Sed sagittis. Nam congue, risus semper porta volutpat, quam pede lobortis ligula, sit amet eleifend pede libero quis orci. Nullam molestie nibh in lectus.",mhebbes1a
4c8e6b3f-3fd5-443f-a476-3921f93b1a62,476d74c4-58d3-4ea1-865b-ac6b7c519c9e,931c279b-2db1-4e5b-bada-1f79599d0c76,2024-07-27T19:46:24Z,"Cum sociis natoque penatibus et magnis dis parturient montes, nascetur ridiculus mus. Vivamus vestibulum sagittis sapien. Cum sociis natoque penatibus et magnis dis parturient montes, nascetur ridiculus mus.

Etiam vel augue. Vestibulum rutrum rutrum neque. Aenean auctor gravida sem.",ewestmarland1b
5e76a7de-3f54-440d-a9da-08387774e58a,0b2d1d5c-d47e-41f2-b747-1c5240f97874,f83ff586-9e30-4376-9f7f-2cd26df0eb0e,2024-07-10T00:49:34Z,"Praesent id massa id nisl venenatis lacinia. Aenean sit amet justo. Morbi ut odio.

Cras mi pede, malesuada in, imperdiet et, commodo vulputate, justo. In blandit ultrices enim. Lorem ipsum dolor sit amet, consectetuer adipiscing elit.

Proin interdum mauris non ligula pellentesque ultrices. Phasellus id sapien in sapien iaculis congue. Vivamus metus arcu, adipiscing molestie, hendrerit at, vulputate vitae, nisl.",ibarcroft1c
6d068a89-5b45-4545-96fc-ef2bc6f585d2,9d00b110-4852-4daf-9d11-20625f4e4211,9728f764-4cf6-414e-afd0-2fdf42a30312,2025-01-18T08:19:13Z,"In hac habitasse platea dictumst. Morbi vestibulum, velit id pretium iaculis, diam erat fermentum justo, nec condimentum neque sapien placerat ante. Nulla justo.

Aliquam quis turpis eget elit sodales scelerisque. Mauris sit amet eros. Suspendisse accumsan tortor quis turpis.",fgossan1d
bf843b55-035a-4d8d-84aa-742534769584,af9d353c-beed-45fe-97a7-b85985d2869a,f98cfe0f-db35-4bde-a8ca-5e000c38a384,2025-01-30T08:52:58Z,"Quisque porta volutpat erat. Quisque erat eros, viverra eget, congue eget, semper rutrum, nulla. Nunc purus.

Phasellus in felis. Donec semper sapien a libero. Nam dui.",acordeau1e
31772a75-3136-4a65-944d-6e7bb0dca646,bea94f14-f310-424f-8cd3-ac2382bcabe9,f32f1ddf-e85a-41c4-b640-a19a92ae31d6,2024-06-15T23:15:19Z,"Nam ultrices, libero non mattis pulvinar, nulla pede ullamcorper augue, a suscipit nulla elit ac nulla. Sed vel enim sit amet nunc viverra dapibus. Nulla suscipit ligula in lacus.

Curabitur at ipsum ac tellus semper interdum. Mauris ullamcorper purus sit amet nulla. Quisque arcu libero, rutrum ac, lobortis vel, dapibus at, diam.",bemptage1f
f17fdc77-445b-4279-b37d-64911f1f0ca9,f6011af0-c20a-40ef-ad8d-ea4af6e0f676,b97ee66b-9c46-4195-81da-23397a6c3785,2024-10-18T08:24:47Z,"Curabitur in libero ut massa volutpat convallis. Morbi odio odio, elementum eu, interdum eu, tincidunt in, leo. Maecenas pulvinar lobortis est.

Phasellus sit amet erat. Nulla tempus. Vivamus in felis eu sapien cursus vestibulum.

Proin eu mi. Nulla ac enim. In tempor, turpis nec euismod scelerisque, quam turpis adipiscing lorem, vitae mattis nibh ligula nec sem.",schaffin1g
3e77d72a-6a55-4858-92db-ce1f0aa48a60,712ece52-3220-4e47-b764-1faac09af09f,20cfc188-2fac-4f79-996a-8ab69bc30431,2025-01-25T04:30:26Z,"In sagittis dui vel nisl. Duis ac nibh. Fusce lacus purus, aliquet at, feugiat non, pretium quis, lectus.",htytterton1h
ec5be4f2-c0dc-4263-b3ef-91fb9e36f085,66e8e5b0-d74e-4a1d-aa2c-1c28690edfff,5eaf4df3-951b-4636-a6bf-59996d20e26e,2024-10-26T23:00:11Z,"Fusce posuere felis sed lacus. Morbi sem mauris, laoreet ut, rhoncus aliquet, pulvinar sed, nisl. Nunc rhoncus dui vel sem.

Sed sagittis. Nam congue, risus semper porta volutpat, quam pede lobortis ligula, sit amet eleifend pede libero quis orci. Nullam molestie nibh in lectus.",csporner1i
413c5b47-257b-4ff3-bba7-b5273d0efd70,2cac0e6d-b2e6-4258-bcd9-d7d64a328d19,f7ff715b-5777-420b-a7b1-9be59a02b339,2025-02-19T19:11:19Z,"Integer tincidunt ante vel ipsum. Praesent blandit lacinia erat. Vestibulum sed magna at nunc commodo placerat.

Praesent blandit. Nam nulla. Integer pede justo, lacinia eget, tincidunt eget, tempus vel, pede.

Morbi porttitor lorem id ligula. Suspendisse ornare consequat lectus. In est risus, auctor sed, tristique in, tempus sit amet, sem.",hfandrey1j
3c17cedd-8ce7-4dfa-b65e-fffcd8517dd6,5ece1983-8484-40eb-a394-109480f1bca9,fea91228-6ff7-4d32-830d-5aa97c52e679,2025-01-17T08:18:08Z,"In congue. Etiam justo. Etiam pretium iaculis justo.

In hac habitasse platea dictumst. Etiam faucibus cursus urna. Ut tellus.",lpatifield1k
4be457d8-a7bf-4814-864c-15ffbd3b4587,5c2c8caf-3909-41a8-9701-de0bc99d2110,daffec2e-83e9-4316-9c36-b87c1ad30606,2025-05-07T15:32:14Z,"In hac habitasse platea dictumst. Morbi vestibulum, velit id pretium iaculis, diam erat fermentum justo, nec condimentum neque sapien placerat ante. Nulla justo.

Aliquam quis turpis eget elit sodales scelerisque. Mauris sit amet eros. Suspendisse accumsan tortor quis turpis.",malastair1l
c792b56c-f160-4e83-8698-885e9c10c95e,288c0a3b-f72b-4dde-bb6b-99f1efe9d4c9,d341b244-2026-495e-a486-889f6b0af836,2024-06-08T15:56:55Z,Phasellus sit amet erat. Nulla tempus. Vivamus in felis eu sapien cursus vestibulum.,cfarenden1m
d2e957c1-ecd3-4052-b79d-e8d1874e4225,5570e2d4-e4a5-4b26-8ab2-a938fc5dfa13,78848763-eb3a-4c10-9707-349569c27a7c,2025-02-21T09:35:08Z,"Proin interdum mauris non ligula pellentesque ultrices. Phasellus id sapien in sapien iaculis congue. Vivamus metus arcu, adipiscing molestie, hendrerit at, vulputate vitae, nisl.

Aenean lectus. Pellentesque eget nunc. Donec quis orci eget orci vehicula condimentum.",csellner1n
328f45e0-b289-42b3-89fd-974e957265a8,01fa1cc7-8ed4-44ef-8a7a-033f9f6c6d98,3a4384ec-3f2f-4981-99da-560bdf04d777,2024-09-18T04:43:36Z,"Integer tincidunt ante vel ipsum. Praesent blandit lacinia erat. Vestibulum sed magna at nunc commodo placerat.

Praesent blandit. Nam nulla. Integer pede justo, lacinia eget, tincidunt eget, tempus vel, pede.",bleve1o
3d525e52-1721-4c89-8510-648adea47080,cbda9621-957a-4c8a-a666-47ff8edf4983,1cfe185f-c42a-4132-971f-7867b1b32446,2025-05-16T18:06:43Z,"Nulla ut erat id mauris vulputate elementum. Nullam varius. Nulla facilisi.

Cras non velit nec nisi vulputate nonummy. Maecenas tincidunt lacus at velit. Vivamus vel nulla eget eros elementum pellentesque.",acaught1p
e691e72e-ab3b-4db8-b7a0-4ee7ca64f34d,c4385e8c-adaf-408a-9d3a-10db339aba34,af33ddfc-fc80-4e7d-b260-48664711472f,2025-01-10T00:11:00Z,"In hac habitasse platea dictumst. Etiam faucibus cursus urna. Ut tellus.

Nulla ut erat id mauris vulputate elementum. Nullam varius. Nulla facilisi.

Cras non velit nec nisi vulputate nonummy. Maecenas tincidunt lacus at velit. Vivamus vel nulla eget eros elementum pellentesque.",owakeham1q
0c946fd7-4b65-456c-9c16-0e7d924f7d1e,9c2049a1-f197-419d-bd18-9481ac7280d6,fe076b8a-23fe-4fb3-946d-e4b5f403dec2,2025-05-09T18:02:26Z,"In hac habitasse platea dictumst. Morbi vestibulum, velit id pretium iaculis, diam erat fermentum justo, nec condimentum neque sapien placerat ante. Nulla justo.

Aliquam quis turpis eget elit sodales scelerisque. Mauris sit amet eros. Suspendisse accumsan tortor quis turpis.",clennox1r
5c7ea05b-bd34-4a6c-aa09-758bf46725ad,182b8805-9be0-44b2-b08f-436621cb790e,fca688a1-6d07-4f91-9439-a59e75def719,2025-04-21T22:01:40Z,"Curabitur in libero ut massa volutpat convallis. Morbi odio odio, elementum eu, interdum eu, tincidunt in, leo. Maecenas pulvinar lobortis est.

Phasellus sit amet erat. Nulla tempus. Vivamus in felis eu sapien cursus vestibulum.",meldon1s
0ef16bea-c003-494a-a69e-64492d7d98ae,dce4178d-537e-4667-b093-3b258ed5c5ac,92bd6d1d-8fb7-44e6-a2cd-8d74a1acd76c,2024-07-06T04:30:22Z,"Proin eu mi. Nulla ac enim. In tempor, turpis nec euismod scelerisque, quam turpis adipiscing lorem, vitae mattis nibh ligula nec sem.",tskottle1t
991f081c-a070-483f-bea1-b5e9ed55ae0c,3c102a9e-4a49-4c0d-8c88-ff939d697679,6e2bb8c4-e7ce-4a04-9ca5-c7462960e5b3,2024-06-17T16:23:54Z,"Morbi non lectus. Aliquam sit amet diam in magna bibendum imperdiet. Nullam orci pede, venenatis non, sodales sed, tincidunt eu, felis.",ljillions1u
740d0639-3cf9-4a8c-8231-e0767eb128bc,041ff5e2-b15c-49a2-85c7-9d04c35cafcd,aec90cf4-94fd-417a-beb0-ad1c68de7caf,2024-08-23T10:53:36Z,"Maecenas ut massa quis augue luctus tincidunt. Nulla mollis molestie lorem. Quisque ut erat.

Curabitur gravida nisi at nibh. In hac habitasse platea dictumst. Aliquam augue quam, sollicitudin vitae, consectetuer eget, rutrum at, lorem.

Integer tincidunt ante vel ipsum. Praesent blandit lacinia erat. Vestibulum sed magna at nunc commodo placerat.",lpipkin1v
b218e2eb-d21f-430c-9187-cf60c6e50655,41e40037-2262-4dfe-a576-b726f3e99063,9312e8d7-e551-4af7-bdfc-12cc38827b2d,2024-06-19T19:31:48Z,Praesent id massa id nisl venenatis lacinia. Aenean sit amet justo. Morbi ut odio.,dastlett1w
6319087b-0f17-461c-8171-e978cf07e8eb,fece3796-1d3d-4f7c-b039-c84b46593b90,1b3f04fe-d76a-4bbc-94f0-47f6e77d76d6,2025-04-14T22:46:40Z,"In hac habitasse platea dictumst. Etiam faucibus cursus urna. Ut tellus.

Nulla ut erat id mauris vulputate elementum. Nullam varius. Nulla facilisi.

Cras non velit nec nisi vulputate nonummy. Maecenas tincidunt lacus at velit. Vivamus vel nulla eget eros elementum pellentesque.",bmolines1x
8c189aaa-4531-49ac-b543-c73391c4275f,b9262d0b-302c-46e6-a859-92d0603788dd,2ac925ec-a4c2-4ab1-8445-3a8a9a81a698,2025-03-16T13:24:40Z,"Cras mi pede, malesuada in, imperdiet et, commodo vulputate, justo. In blandit ultrices enim. Lorem ipsum dolor sit amet, consectetuer adipiscing elit.

Proin interdum mauris non ligula pellentesque ultrices. Phasellus id sapien in sapien iaculis congue. Vivamus metus arcu, adipiscing molestie, hendrerit at, vulputate vitae, nisl.

Aenean lectus. Pellentesque eget nunc. Donec quis orci eget orci vehicula condimentum.",sbrewett1y
783bbb14-b626-4b7e-8f6d-fda8444a32aa,891978ac-2d6d-4a19-897a-5eca332499e1,27a56f37-8d69-4ff5-8269-3e05a6306bd8,2024-09-22T14:51:08Z,"Curabitur gravida nisi at nibh. In hac habitasse platea dictumst. Aliquam augue quam, sollicitudin vitae, consectetuer eget, rutrum at, lorem.

Integer tincidunt ante vel ipsum. Praesent blandit lacinia erat. Vestibulum sed magna at nunc commodo placerat.

Praesent blandit. Nam nulla. Integer pede justo, lacinia eget, tincidunt eget, tempus vel, pede.",tizsak1z
5805fb8f-cfcd-4dec-ace1-d240e770f990,fd2b98d8-4c7e-419b-8365-aa2b3e3b2df3,b4b48605-94b9-4fc6-8ffc-536e89b59f8c,2024-12-17T20:58:01Z,"Duis bibendum. Morbi non quam nec dui luctus rutrum. Nulla tellus.

In sagittis dui vel nisl. Duis ac nibh. Fusce lacus purus, aliquet at, feugiat non, pretium quis, lectus.

Suspendisse potenti. In eleifend quam a odio. In hac habitasse platea dictumst.",emacaughtrie20
af24ad0b-9cf3-4e13-838c-3b378000e848,d8d84318-27ca-4aeb-a749-6f7b2f61410e,dadd9d9b-25ff-4a56-8a4f-e4fc04233690,2025-02-28T00:52:17Z,"Nullam sit amet turpis elementum ligula vehicula consequat. Morbi a ipsum. Integer a nibh.

In quis justo. Maecenas rhoncus aliquam lacus. Morbi quis tortor id nulla ultrices aliquet.",sshermar21
86353228-5d2c-4db4-84b1-72e3054f1f48,cf0f7a6a-232b-4080-a7a4-b6f6ddd34b32,ee088690-3901-42b5-8238-a2b425930111,2024-07-06T04:32:05Z,"Aenean fermentum. Donec ut mauris eget massa tempor convallis. Nulla neque libero, convallis eget, eleifend luctus, ultricies eu, nibh.

Quisque id justo sit amet sapien dignissim vestibulum. Vestibulum ante ipsum primis in faucibus orci luctus et ultrices posuere cubilia Curae; Nulla dapibus dolor vel est. Donec odio justo, sollicitudin ut, suscipit a, feugiat et, eros.

Vestibulum ac est lacinia nisi venenatis tristique. Fusce congue, diam id ornare imperdiet, sapien urna pretium nisl, ut volutpat sapien arcu sed augue. Aliquam erat volutpat.",sharmes22
f407c934-72b4-4a1d-bfeb-14033930ec47,d0e2196c-49da-45b0-a043-b5c393f421ce,3e9e79c1-ec37-4884-8cd8-76c5aded83b9,2024-11-17T06:52:38Z,"Aliquam quis turpis eget elit sodales scelerisque. Mauris sit amet eros. Suspendisse accumsan tortor quis turpis.

Sed ante. Vivamus tortor. Duis mattis egestas metus.",celsmere23
67d14e5e-ead2-4334-aae6-53843b0ccbed,dc81f22e-f114-4f20-966e-5d1ea18d19c1,1204cfac-feff-4c71-8f8f-9c5df45f6639,2024-09-19T07:58:19Z,"Sed sagittis. Nam congue, risus semper porta volutpat, quam pede lobortis ligula, sit amet eleifend pede libero quis orci. Nullam molestie nibh in lectus.

Pellentesque at nulla. Suspendisse potenti. Cras in purus eu magna vulputate luctus.",vwhiteland24
9c13d328-3b6f-4969-a79e-fbec55e6c5e2,4b5edbab-b81f-46ac-9b64-da1c08e1ca9c,9d0b939e-cf0d-4763-8857-208aa1f696af,2024-07-13T07:58:00Z,"Mauris enim leo, rhoncus sed, vestibulum sit amet, cursus id, turpis. Integer aliquet, massa id lobortis convallis, tortor risus dapibus augue, vel accumsan tellus nisi eu orci. Mauris lacinia sapien quis libero.

Nullam sit amet turpis elementum ligula vehicula consequat. Morbi a ipsum. Integer a nibh.

In quis justo. Maecenas rhoncus aliquam lacus. Morbi quis tortor id nulla ultrices aliquet.",hdieton25
edb5fca0-c399-4c06-9d7b-545a69ce001e,6ceac924-7764-4108-a5f3-d93db150ada9,45c4b4c3-d793-42b9-9fc7-027118f93ed0,2024-05-26T00:07:02Z,Maecenas ut massa quis augue luctus tincidunt. Nulla mollis molestie lorem. Quisque ut erat.,kraymond26
01304974-66f3-4d27-b75a-723e1edb1b6a,890ddc3b-da32-4d98-83a2-30270dcbdfc6,c202e456-0346-4574-bcd5-e42ecfdfafd9,2025-01-08T09:41:10Z,"Mauris enim leo, rhoncus sed, vestibulum sit amet, cursus id, turpis. Integer aliquet, massa id lobortis convallis, tortor risus dapibus augue, vel accumsan tellus nisi eu orci. Mauris lacinia sapien quis libero.",jwolfendale27
fae675d3-e5ce-4086-808c-03393cd32f04,c6a969eb-57b3-45ea-9abe-10d303ab51f7,4f39e4e5-3278-45eb-9fde-e3b8cb9be814,2025-03-19T17:44:51Z,"Quisque id justo sit amet sapien dignissim vestibulum. Vestibulum ante ipsum primis in faucibus orci luctus et ultrices posuere cubilia Curae; Nulla dapibus dolor vel est. Donec odio justo, sollicitudin ut, suscipit a, feugiat et, eros.

Vestibulum ac est lacinia nisi venenatis tristique. Fusce congue, diam id ornare imperdiet, sapien urna pretium nisl, ut volutpat sapien arcu sed augue. Aliquam erat volutpat.",lmcgrann28
7209d40f-d6ac-481e-a586-81455a48b351,cffedfbe-0bad-4250-a9e3-045d0d71a5c6,e70bc3f3-424a-4d9a-a106-9145108276a2,2024-05-19T08:13:24Z,"Morbi porttitor lorem id ligula. Suspendisse ornare consequat lectus. In est risus, auctor sed, tristique in, tempus sit amet, sem.

Fusce consequat. Nulla nisl. Nunc nisl.",acanape29
123d0234-0a78-404b-bfb5-6cefe79d9279,90a62d5c-7ec8-46fc-883a-feef88574f94,250ce094-64f6-43d9-b258-ab29fe0286c7,2024-10-12T16:07:41Z,"Donec diam neque, vestibulum eget, vulputate ut, ultrices vel, augue. Vestibulum ante ipsum primis in faucibus orci luctus et ultrices posuere cubilia Curae; Donec pharetra, magna vestibulum aliquet ultrices, erat tortor sollicitudin mi, sit amet lobortis sapien sapien non mi. Integer ac neque.",mlowmass2a
bbaa115a-29b8-4917-98ee-9480e4b964f4,4d629e0e-7024-420f-8773-9ee1e5c6d4f6,1bd9f813-f8c8-4394-bc0b-6b0828fdc201,2024-12-09T04:44:12Z,"Aenean fermentum. Donec ut mauris eget massa tempor convallis. Nulla neque libero, convallis eget, eleifend luctus, ultricies eu, nibh.",smansuer2b
15f2df90-7dd4-41f8-a695-4e5d116a0a81,9c50f268-23fc-423f-9ac4-b7355f4c1aa8,5c67b0bb-67ba-46d3-b533-8b0a4bd009c4,2024-07-12T21:46:26Z,"In hac habitasse platea dictumst. Etiam faucibus cursus urna. Ut tellus.

Nulla ut erat id mauris vulputate elementum. Nullam varius. Nulla facilisi.

Cras non velit nec nisi vulputate nonummy. Maecenas tincidunt lacus at velit. Vivamus vel nulla eget eros elementum pellentesque.",kbrosetti2c
6503896d-c9d3-4ff2-b16a-216651d3c98f,1824ce59-67c8-489e-82d7-cfbca28d8859,380e6d64-bfd3-4262-a563-677f5a6da45a,2024-09-17T03:14:38Z,"Nam ultrices, libero non mattis pulvinar, nulla pede ullamcorper augue, a suscipit nulla elit ac nulla. Sed vel enim sit amet nunc viverra dapibus. Nulla suscipit ligula in lacus.

Curabitur at ipsum ac tellus semper interdum. Mauris ullamcorper purus sit amet nulla. Quisque arcu libero, rutrum ac, lobortis vel, dapibus at, diam.",jdominico2d
1ad80632-84c0-448b-9103-dd272acb81ff,d6a010a8-d32d-467d-b526-d0ad4048c261,65ca8dfa-037e-408f-89b2-c777365474a0,2024-10-20T13:39:02Z,"Quisque id justo sit amet sapien dignissim vestibulum. Vestibulum ante ipsum primis in faucibus orci luctus et ultrices posuere cubilia Curae; Nulla dapibus dolor vel est. Donec odio justo, sollicitudin ut, suscipit a, feugiat et, eros.

Vestibulum ac est lacinia nisi venenatis tristique. Fusce congue, diam id ornare imperdiet, sapien urna pretium nisl, ut volutpat sapien arcu sed augue. Aliquam erat volutpat.",rboadby2e
8255c310-6348-4cc9-b901-f8d4f1b713ab,329b9e3d-ab19-499b-91dc-474d86fbfddb,0703c7fe-f363-4329-8651-f9755778d0a9,2025-03-15T03:33:09Z,"Cras mi pede, malesuada in, imperdiet et, commodo vulputate, justo. In blandit ultrices enim. Lorem ipsum dolor sit amet, consectetuer adipiscing elit.

Proin interdum mauris non ligula pellentesque ultrices. Phasellus id sapien in sapien iaculis congue. Vivamus metus arcu, adipiscing molestie, hendrerit at, vulputate vitae, nisl.",villes2f
694f14e9-de2d-498b-98ae-52d2fffa8340,2baaf3eb-5ae7-414a-b64b-b9dbee8e24ab,bfccfdf9-8a40-462b-a751-629f8e8fbac9,2024-10-10T11:17:17Z,"Quisque porta volutpat erat. Quisque erat eros, viverra eget, congue eget, semper rutrum, nulla. Nunc purus.",agrund2g
d3f4babe-9bff-429b-a076-79720ba1b86f,ac8292f4-8124-46bc-ba25-ae33bb52d258,595b24c9-3cc9-4f86-9bf4-3e4759e2d0f7,2024-10-23T13:47:22Z,"Etiam vel augue. Vestibulum rutrum rutrum neque. Aenean auctor gravida sem.

Praesent id massa id nisl venenatis lacinia. Aenean sit amet justo. Morbi ut odio.

Cras mi pede, malesuada in, imperdiet et, commodo vulputate, justo. In blandit ultrices enim. Lorem ipsum dolor sit amet, consectetuer adipiscing elit.",psindell2h
a540b58c-0299-4d50-a973-3f689ac8263a,a134cd78-e7b2-4c03-a83f-cd621990a956,f16d72b8-203d-40c4-a522-9c41332f1110,2024-08-23T21:47:06Z,"Maecenas ut massa quis augue luctus tincidunt. Nulla mollis molestie lorem. Quisque ut erat.

Curabitur gravida nisi at nibh. In hac habitasse platea dictumst. Aliquam augue quam, sollicitudin vitae, consectetuer eget, rutrum at, lorem.",tdevonald2i
caf10151-3dbd-4117-942c-23059f249d6e,d6fc9ebf-4ead-4701-8a23-018588f9573c,025a26a9-76e1-4938-a9dd-ad58c21f3b88,2024-08-08T04:26:48Z,Integer ac leo. Pellentesque ultrices mattis odio. Donec vitae nisi.,jossenna2j
1265fa06-3a75-4518-bcb4-7c4ec0a4ff31,d5dbf89e-4ba5-4530-90a6-8e98724d1e39,aa444516-01fb-42fc-9317-d49ad6f0a48e,2024-08-18T12:45:56Z,"Donec diam neque, vestibulum eget, vulputate ut, ultrices vel, augue. Vestibulum ante ipsum primis in faucibus orci luctus et ultrices posuere cubilia Curae; Donec pharetra, magna vestibulum aliquet ultrices, erat tortor sollicitudin mi, sit amet lobortis sapien sapien non mi. Integer ac neque.",dberringer2k
6a77da9a-786f-4538-87cc-6fa85cc8bfc4,1d90eb4c-08d4-46ef-a58e-2c84da7e4d89,a87b269f-86dc-4c42-8560-e75d101e2515,2024-11-03T09:09:24Z,"Pellentesque at nulla. Suspendisse potenti. Cras in purus eu magna vulputate luctus.

Cum sociis natoque penatibus et magnis dis parturient montes, nascetur ridiculus mus. Vivamus vestibulum sagittis sapien. Cum sociis natoque penatibus et magnis dis parturient montes, nascetur ridiculus mus.",cturland2l
2627178e-511c-4786-a7d2-0ca01362b111,bab49072-4c02-4826-ab3e-aec3c7eed8d8,7c9c086e-2a05-43e8-b65a-85636996ba95,2025-03-03T12:46:37Z,"Lorem ipsum dolor sit amet, consectetuer adipiscing elit. Proin risus. Praesent lectus.

Vestibulum quam sapien, varius ut, blandit non, interdum in, ante. Vestibulum ante ipsum primis in faucibus orci luctus et ultrices posuere cubilia Curae; Duis faucibus accumsan odio. Curabitur convallis.",lcopland2m
c5adbef6-fc87-42a9-9d5b-cb98f34a674d,e9422472-fccd-4b07-8742-a3e3e8c95f9e,109fb79b-287a-44a6-bfe8-d3d8ca0580d6,2025-04-26T14:04:07Z,"Cras mi pede, malesuada in, imperdiet et, commodo vulputate, justo. In blandit ultrices enim. Lorem ipsum dolor sit amet, consectetuer adipiscing elit.

Proin interdum mauris non ligula pellentesque ultrices. Phasellus id sapien in sapien iaculis congue. Vivamus metus arcu, adipiscing molestie, hendrerit at, vulputate vitae, nisl.",kblackstock2n
114ecf80-a581-43f2-8df4-b37cfdb8218e,0fe1926d-6374-4d83-b5ca-8772104c000d,05d2e2c3-209c-4ce0-984c-9ea0b0e7f0d3,2024-05-26T15:15:15Z,"Aenean fermentum. Donec ut mauris eget massa tempor convallis. Nulla neque libero, convallis eget, eleifend luctus, ultricies eu, nibh.

Quisque id justo sit amet sapien dignissim vestibulum. Vestibulum ante ipsum primis in faucibus orci luctus et ultrices posuere cubilia Curae; Nulla dapibus dolor vel est. Donec odio justo, sollicitudin ut, suscipit a, feugiat et, eros.

Vestibulum ac est lacinia nisi venenatis tristique. Fusce congue, diam id ornare imperdiet, sapien urna pretium nisl, ut volutpat sapien arcu sed augue. Aliquam erat volutpat.",mgonnel2o
7775b187-a50f-4e7f-bbb5-f9824e5106b2,cd9c80ab-0097-4f31-af35-30be59ecfda4,a597c53c-3f95-411d-83c8-7e28a4c10fa2,2025-04-27T02:29:52Z,Duis consequat dui nec nisi volutpat eleifend. Donec ut dolor. Morbi vel lectus in quam fringilla rhoncus.,tbrandi2p
c4db4f74-b45a-45af-bddc-4cb6f4952adf,a93246b2-f854-4e79-bd0e-ee790b17ff20,3871a527-058a-4e08-8dbc-d7babcebabe9,2024-12-02T19:10:21Z,"Etiam vel augue. Vestibulum rutrum rutrum neque. Aenean auctor gravida sem.

Praesent id massa id nisl venenatis lacinia. Aenean sit amet justo. Morbi ut odio.",painsley2q
5031b6b0-cc87-4380-a4d7-7ed81a6d72db,45ce51db-1023-4a97-acfb-56d5905de907,2915ee01-a907-474a-8e53-c450d8e87fce,2025-03-15T14:02:12Z,"Curabitur gravida nisi at nibh. In hac habitasse platea dictumst. Aliquam augue quam, sollicitudin vitae, consectetuer eget, rutrum at, lorem.

Integer tincidunt ante vel ipsum. Praesent blandit lacinia erat. Vestibulum sed magna at nunc commodo placerat.",shub2r
