user_id,post_id,content,created_at
620150ed-138a-4002-93c5-b88a564d74ac,29f35774-cd78-4d35-8f6e-a3ce9d42e5e7,"Nullam porttitor lacus at turpis. Donec posuere metus vitae ipsum. Aliquam non mauris.

Morbi non lectus. Aliquam sit amet diam in magna bibendum imperdiet. Nullam orci pede, venenatis non, sodales sed, tincidunt eu, felis.",2025-03-26T00:03:01Z
e4cfe70a-d8ee-460c-9367-98a08bebfb4b,ae2eaf9e-12ce-4e25-81c4-c9b2e1b7b7db,"Vestibulum quam sapien, varius ut, blandit non, interdum in, ante. Vestibulum ante ipsum primis in faucibus orci luctus et ultrices posuere cubilia Curae; Duis faucibus accumsan odio. Curabitur convallis.",2024-07-05T01:20:10Z
9051ca98-b181-44a7-84d1-3af45729c9c6,84cc7eda-8fdb-41b6-91b4-279f3b29bd44,"Aenean fermentum. Donec ut mauris eget massa tempor convallis. Nulla neque libero, convallis eget, eleifend luctus, ultricies eu, nibh.",2024-07-06T06:06:14Z
242e5170-5caf-479c-b331-cc740a175e97,558e2d4a-d90c-4038-9080-e725b6078ac1,"Cras mi pede, malesuada in, imperdiet et, commodo vulputate, justo. In blandit ultrices enim. Lorem ipsum dolor sit amet, consectetuer adipiscing elit.

Proin interdum mauris non ligula pellentesque ultrices. Phasellus id sapien in sapien iaculis congue. Vivamus metus arcu, adipiscing molestie, hendrerit at, vulputate vitae, nisl.

Aenean lectus. Pellentesque eget nunc. Donec quis orci eget orci vehicula condimentum.",2025-01-08T13:26:00Z
3af12aee-6dec-4544-aa4d-214599df8622,939cc7f6-d8e9-45be-bbf8-8e7bf3960588,"Fusce posuere felis sed lacus. Morbi sem mauris, laoreet ut, rhoncus aliquet, pulvinar sed, nisl. Nunc rhoncus dui vel sem.

Sed sagittis. Nam congue, risus semper porta volutpat, quam pede lobortis ligula, sit amet eleifend pede libero quis orci. Nullam molestie nibh in lectus.",2024-06-13T23:44:49Z
1f85dc08-701b-4d74-8e92-cef906d38a06,137f1850-283e-4d07-a462-249756a72e4a,"Donec diam neque, vestibulum eget, vulputate ut, ultrices vel, augue. Vestibulum ante ipsum primis in faucibus orci luctus et ultrices posuere cubilia Curae; Donec pharetra, magna vestibulum aliquet ultrices, erat tortor sollicitudin mi, sit amet lobortis sapien sapien non mi. Integer ac neque.

Duis bibendum. Morbi non quam nec dui luctus rutrum. Nulla tellus.

In sagittis dui vel nisl. Duis ac nibh. Fusce lacus purus, aliquet at, feugiat non, pretium quis, lectus.",2024-09-01T12:25:29Z
93bdfd94-3648-424b-85d1-4cffaaf78ce5,7fe22d26-fdfe-432a-a95f-251fc5891636,"Mauris enim leo, rhoncus sed, vestibulum sit amet, cursus id, turpis. Integer aliquet, massa id lobortis convallis, tortor risus dapibus augue, vel accumsan tellus nisi eu orci. Mauris lacinia sapien quis libero.",2024-07-17T17:08:55Z
0af6d250-075a-48ad-8701-3acad3f7c4b7,d18eaabe-0b08-41cf-92a9-9b58ff2b4128,"Morbi porttitor lorem id ligula. Suspendisse ornare consequat lectus. In est risus, auctor sed, tristique in, tempus sit amet, sem.",2024-12-27T03:39:09Z
e921ffba-b7c8-486f-a6be-d382ae5324fa,a98af9fa-5a96-4cdc-9852-4d0196cf001e,"In hac habitasse platea dictumst. Etiam faucibus cursus urna. Ut tellus.

Nulla ut erat id mauris vulputate elementum. Nullam varius. Nulla facilisi.",2024-10-26T00:38:35Z
9cc59f9b-3c81-4c36-8a0f-42f5b5e62d7b,d93e2e97-9b6e-45e4-a306-0c96141b7123,"Donec diam neque, vestibulum eget, vulputate ut, ultrices vel, augue. Vestibulum ante ipsum primis in faucibus orci luctus et ultrices posuere cubilia Curae; Donec pharetra, magna vestibulum aliquet ultrices, erat tortor sollicitudin mi, sit amet lobortis sapien sapien non mi. Integer ac neque.",2024-09-26T13:51:23Z
dbca057a-640d-4b71-9651-95af3712c96e,cfc1ed1c-8a85-4605-b8f6-804c7121732c,"Vestibulum ac est lacinia nisi venenatis tristique. Fusce congue, diam id ornare imperdiet, sapien urna pretium nisl, ut volutpat sapien arcu sed augue. Aliquam erat volutpat.",2024-09-02T16:00:32Z
861cb555-4e4d-409f-83c2-3bcdf5cc4c9a,bf14b265-6458-43da-afd1-df8e0392a55a,"In sagittis dui vel nisl. Duis ac nibh. Fusce lacus purus, aliquet at, feugiat non, pretium quis, lectus.

Suspendisse potenti. In eleifend quam a odio. In hac habitasse platea dictumst.",2025-01-23T22:42:52Z
8342a0b7-10ec-4c50-8fb7-478c7304753f,5a485e15-a091-4b3e-89b5-48a4059f02e5,"Vestibulum ac est lacinia nisi venenatis tristique. Fusce congue, diam id ornare imperdiet, sapien urna pretium nisl, ut volutpat sapien arcu sed augue. Aliquam erat volutpat.",2024-10-15T01:13:37Z
330fa3e6-317b-4f93-8bc5-c1c12b22f414,bac4c2e6-dcbc-4042-a120-aee178423fd4,In quis justo. Maecenas rhoncus aliquam lacus. Morbi quis tortor id nulla ultrices aliquet.,2024-12-13T09:55:24Z
0aff0d60-207f-4688-9310-09e4c11f3c0f,fc3dc2a1-ff0d-4f8c-b1ec-34dc2556c350,"Proin leo odio, porttitor id, consequat in, consequat ut, nulla. Sed accumsan felis. Ut at dolor quis odio consequat varius.",2024-07-26T03:40:51Z
58b8901f-acbf-40cb-bcba-b4dc4c15fd40,518d1d55-d14a-43e3-86b2-ded6d9f5a58d,Fusce consequat. Nulla nisl. Nunc nisl.,2024-11-28T00:37:34Z
5c7094f5-4c9b-46f5-b2dd-ee115c5b85a3,f29a0ff1-e356-4721-a99c-8459eafbc28a,"Maecenas leo odio, condimentum id, luctus nec, molestie sed, justo. Pellentesque viverra pede ac diam. Cras pellentesque volutpat dui.",2024-07-04T08:34:51Z
3ecbd7c4-84d0-4534-ad65-9030db23704c,661481ce-058d-4426-bcd1-cae52afe2a9d,"Phasellus sit amet erat. Nulla tempus. Vivamus in felis eu sapien cursus vestibulum.

Proin eu mi. Nulla ac enim. In tempor, turpis nec euismod scelerisque, quam turpis adipiscing lorem, vitae mattis nibh ligula nec sem.

Duis aliquam convallis nunc. Proin at turpis a pede posuere nonummy. Integer non velit.",2024-10-09T20:14:52Z
3ec9a4db-7e3f-4ff3-8bd7-ef7fcd05ea42,e87b1b9d-2191-4f3c-89d2-c7d5781d7c77,"Nullam sit amet turpis elementum ligula vehicula consequat. Morbi a ipsum. Integer a nibh.

In quis justo. Maecenas rhoncus aliquam lacus. Morbi quis tortor id nulla ultrices aliquet.

Maecenas leo odio, condimentum id, luctus nec, molestie sed, justo. Pellentesque viverra pede ac diam. Cras pellentesque volutpat dui.",2025-05-05T01:07:02Z
bde5712b-d422-4d3c-ac1d-512ee9947f3a,f339be78-1a2f-4107-893a-a0232d7538d5,"Cras mi pede, malesuada in, imperdiet et, commodo vulputate, justo. In blandit ultrices enim. Lorem ipsum dolor sit amet, consectetuer adipiscing elit.",2024-10-27T23:46:08Z
40f042d1-c928-49a0-8533-b23202857a86,567e4a4c-7de4-4b89-8115-2feeb58b94ac,"In hac habitasse platea dictumst. Etiam faucibus cursus urna. Ut tellus.

Nulla ut erat id mauris vulputate elementum. Nullam varius. Nulla facilisi.",2024-06-19T15:48:27Z
51bdf427-665d-4de2-a8a4-fb32dd3815d2,e0b15ce2-b785-4969-85a9-2408b4f56eaa,"Fusce posuere felis sed lacus. Morbi sem mauris, laoreet ut, rhoncus aliquet, pulvinar sed, nisl. Nunc rhoncus dui vel sem.

Sed sagittis. Nam congue, risus semper porta volutpat, quam pede lobortis ligula, sit amet eleifend pede libero quis orci. Nullam molestie nibh in lectus.

Pellentesque at nulla. Suspendisse potenti. Cras in purus eu magna vulputate luctus.",2024-07-25T05:24:37Z
13bcd72d-7372-44a6-8612-6cda87f62ee0,e30146c9-7256-4e94-9f95-4f973399ea7d,"Duis consequat dui nec nisi volutpat eleifend. Donec ut dolor. Morbi vel lectus in quam fringilla rhoncus.

Mauris enim leo, rhoncus sed, vestibulum sit amet, cursus id, turpis. Integer aliquet, massa id lobortis convallis, tortor risus dapibus augue, vel accumsan tellus nisi eu orci. Mauris lacinia sapien quis libero.",2024-08-19T12:16:07Z
04ace316-f55b-4d61-8c0a-430fb04116b7,82310c67-66ce-448a-979b-45dfc535f52a,"Duis bibendum. Morbi non quam nec dui luctus rutrum. Nulla tellus.

In sagittis dui vel nisl. Duis ac nibh. Fusce lacus purus, aliquet at, feugiat non, pretium quis, lectus.",2025-05-04T20:37:24Z
efa7cf25-ccfb-4095-adf1-1e255f875a0e,a97949f9-0294-44e3-80b7-d51d80d0b9bc,"Maecenas ut massa quis augue luctus tincidunt. Nulla mollis molestie lorem. Quisque ut erat.

Curabitur gravida nisi at nibh. In hac habitasse platea dictumst. Aliquam augue quam, sollicitudin vitae, consectetuer eget, rutrum at, lorem.",2024-05-16T14:39:01Z
80d321ed-de67-43fb-b586-a0da544b1b76,1a53ca4e-df8e-49d8-ad05-41a1ef1f310f,"Vestibulum quam sapien, varius ut, blandit non, interdum in, ante. Vestibulum ante ipsum primis in faucibus orci luctus et ultrices posuere cubilia Curae; Duis faucibus accumsan odio. Curabitur convallis.

Duis consequat dui nec nisi volutpat eleifend. Donec ut dolor. Morbi vel lectus in quam fringilla rhoncus.

Mauris enim leo, rhoncus sed, vestibulum sit amet, cursus id, turpis. Integer aliquet, massa id lobortis convallis, tortor risus dapibus augue, vel accumsan tellus nisi eu orci. Mauris lacinia sapien quis libero.",2024-05-31T15:06:47Z
6e6e2203-4161-476d-aa1b-1b3f279eeb9f,b562d1a3-158d-45c6-829d-2fe9f12c5c62,"In sagittis dui vel nisl. Duis ac nibh. Fusce lacus purus, aliquet at, feugiat non, pretium quis, lectus.

Suspendisse potenti. In eleifend quam a odio. In hac habitasse platea dictumst.",2024-07-01T08:37:43Z
e4fc6a45-05a0-4e12-8367-37e0e66dd349,a47f40be-e206-4f40-ac29-ba3d27c3c466,"Nam ultrices, libero non mattis pulvinar, nulla pede ullamcorper augue, a suscipit nulla elit ac nulla. Sed vel enim sit amet nunc viverra dapibus. Nulla suscipit ligula in lacus.",2024-07-03T19:24:17Z
9ad4661b-0de4-4571-9e4c-76843a78682a,3505746b-99b8-470b-806d-a415b6752546,In hac habitasse platea dictumst. Etiam faucibus cursus urna. Ut tellus.,2025-03-17T10:32:20Z
c2d84259-382f-4647-b786-3383cf5f9a53,cae5a064-9c13-4e00-a381-6f0e4b2baadd,"Fusce posuere felis sed lacus. Morbi sem mauris, laoreet ut, rhoncus aliquet, pulvinar sed, nisl. Nunc rhoncus dui vel sem.

Sed sagittis. Nam congue, risus semper porta volutpat, quam pede lobortis ligula, sit amet eleifend pede libero quis orci. Nullam molestie nibh in lectus.

Pellentesque at nulla. Suspendisse potenti. Cras in purus eu magna vulputate luctus.",2024-07-17T06:40:09Z
a73bd9e7-108d-447e-a9ac-db8dc3bc1208,f236ca6d-2d4f-4264-945a-37de1bb8891a,"Proin eu mi. Nulla ac enim. In tempor, turpis nec euismod scelerisque, quam turpis adipiscing lorem, vitae mattis nibh ligula nec sem.

Duis aliquam convallis nunc. Proin at turpis a pede posuere nonummy. Integer non velit.

Donec diam neque, vestibulum eget, vulputate ut, ultrices vel, augue. Vestibulum ante ipsum primis in faucibus orci luctus et ultrices posuere cubilia Curae; Donec pharetra, magna vestibulum aliquet ultrices, erat tortor sollicitudin mi, sit amet lobortis sapien sapien non mi. Integer ac neque.",2024-11-18T11:12:46Z
17bb45aa-0a87-4660-9cd3-d6d05f8000c7,44108f23-a44f-4e96-bb35-2108f697283f,Cras non velit nec nisi vulputate nonummy. Maecenas tincidunt lacus at velit. Vivamus vel nulla eget eros elementum pellentesque.,2025-01-04T16:57:57Z
8aac5030-ebe4-4c60-a68d-c1c9bce8eb43,995b39ab-73c0-4dd0-b2ac-fef45b79cbff,Praesent id massa id nisl venenatis lacinia. Aenean sit amet justo. Morbi ut odio.,2024-08-25T02:27:27Z
85a93d96-2cd5-4037-94c6-91f5c2f3fb97,9c51fd3f-9904-439f-8f23-01455b022492,"Quisque porta volutpat erat. Quisque erat eros, viverra eget, congue eget, semper rutrum, nulla. Nunc purus.

Phasellus in felis. Donec semper sapien a libero. Nam dui.",2025-03-10T10:28:55Z
c668c986-172c-416d-9f7d-addd800a6f35,2f8a47bc-9e62-4565-9347-8a0d23cac012,"Aliquam quis turpis eget elit sodales scelerisque. Mauris sit amet eros. Suspendisse accumsan tortor quis turpis.

Sed ante. Vivamus tortor. Duis mattis egestas metus.",2024-07-09T18:54:08Z
f708a1e7-2769-4721-8ec2-4c1e133f1065,7e27329b-d4ae-419e-97e7-34c6edba0813,"Vestibulum quam sapien, varius ut, blandit non, interdum in, ante. Vestibulum ante ipsum primis in faucibus orci luctus et ultrices posuere cubilia Curae; Duis faucibus accumsan odio. Curabitur convallis.",2024-12-05T02:14:31Z
3549e765-22f9-467d-b60b-5470310b28b3,a1c59eac-ea9d-4317-96fa-55368afe2d84,"In sagittis dui vel nisl. Duis ac nibh. Fusce lacus purus, aliquet at, feugiat non, pretium quis, lectus.

Suspendisse potenti. In eleifend quam a odio. In hac habitasse platea dictumst.",2025-03-06T11:54:20Z
c27b5db8-6dd7-4af8-9bb3-e47211938b40,e34820e5-3b68-43ca-aadd-0ebb6a188bd5,"Lorem ipsum dolor sit amet, consectetuer adipiscing elit. Proin risus. Praesent lectus.

Vestibulum quam sapien, varius ut, blandit non, interdum in, ante. Vestibulum ante ipsum primis in faucibus orci luctus et ultrices posuere cubilia Curae; Duis faucibus accumsan odio. Curabitur convallis.",2025-03-29T08:34:37Z
b539653c-f7af-4ce1-8598-2b545c9e3b0c,e0a0d102-f1d1-4ec8-a792-94bc9f60f827,"Quisque id justo sit amet sapien dignissim vestibulum. Vestibulum ante ipsum primis in faucibus orci luctus et ultrices posuere cubilia Curae; Nulla dapibus dolor vel est. Donec odio justo, sollicitudin ut, suscipit a, feugiat et, eros.",2024-11-27T07:27:50Z
8243f11f-3978-4f86-ad5b-37930364c7ca,457cbde8-d104-400a-82ce-5e1ab7b881c3,"Vestibulum ac est lacinia nisi venenatis tristique. Fusce congue, diam id ornare imperdiet, sapien urna pretium nisl, ut volutpat sapien arcu sed augue. Aliquam erat volutpat.

In congue. Etiam justo. Etiam pretium iaculis justo.",2024-10-07T22:41:18Z
cba81d53-77e9-495e-a31d-8e6979a4652f,1af4eda9-32aa-43b1-9e28-35a28c75a742,"Proin leo odio, porttitor id, consequat in, consequat ut, nulla. Sed accumsan felis. Ut at dolor quis odio consequat varius.

Integer ac leo. Pellentesque ultrices mattis odio. Donec vitae nisi.

Nam ultrices, libero non mattis pulvinar, nulla pede ullamcorper augue, a suscipit nulla elit ac nulla. Sed vel enim sit amet nunc viverra dapibus. Nulla suscipit ligula in lacus.",2024-09-12T20:56:22Z
ef9007e9-4eba-4caf-bf72-2a827dccf5ce,535a814e-9ba4-4b0d-95ea-763ff31ff507,"Aenean fermentum. Donec ut mauris eget massa tempor convallis. Nulla neque libero, convallis eget, eleifend luctus, ultricies eu, nibh.

Quisque id justo sit amet sapien dignissim vestibulum. Vestibulum ante ipsum primis in faucibus orci luctus et ultrices posuere cubilia Curae; Nulla dapibus dolor vel est. Donec odio justo, sollicitudin ut, suscipit a, feugiat et, eros.",2025-03-31T10:12:15Z
24b40ce0-95c9-4d40-8e7c-621c53ab80c3,78461a2a-f482-45a2-96c8-5525982393b2,"Quisque id justo sit amet sapien dignissim vestibulum. Vestibulum ante ipsum primis in faucibus orci luctus et ultrices posuere cubilia Curae; Nulla dapibus dolor vel est. Donec odio justo, sollicitudin ut, suscipit a, feugiat et, eros.",2024-09-13T23:24:37Z
3a0b635f-6227-443c-82b2-fe28d7cafb5f,44a5ea67-8f2c-421b-81fd-853fd3d88f61,"Praesent id massa id nisl venenatis lacinia. Aenean sit amet justo. Morbi ut odio.

Cras mi pede, malesuada in, imperdiet et, commodo vulputate, justo. In blandit ultrices enim. Lorem ipsum dolor sit amet, consectetuer adipiscing elit.

Proin interdum mauris non ligula pellentesque ultrices. Phasellus id sapien in sapien iaculis congue. Vivamus metus arcu, adipiscing molestie, hendrerit at, vulputate vitae, nisl.",2025-01-11T14:39:07Z
2995cdfa-0863-482d-b0d3-c45b91f9aa69,3c1ae182-bdb2-4874-a0df-05e7ea689382,"Cras mi pede, malesuada in, imperdiet et, commodo vulputate, justo. In blandit ultrices enim. Lorem ipsum dolor sit amet, consectetuer adipiscing elit.

Proin interdum mauris non ligula pellentesque ultrices. Phasellus id sapien in sapien iaculis congue. Vivamus metus arcu, adipiscing molestie, hendrerit at, vulputate vitae, nisl.",2024-06-22T02:59:35Z
8c30bda7-007a-4133-977a-ec217228d344,5a42ce19-5b3c-4769-b71c-e62f858c689c,"Sed sagittis. Nam congue, risus semper porta volutpat, quam pede lobortis ligula, sit amet eleifend pede libero quis orci. Nullam molestie nibh in lectus.",2024-06-14T07:19:40Z
2f9526cf-8825-49aa-862b-aae6374cb9d7,95878f89-6691-44b3-8fef-217ae4244018,"Maecenas leo odio, condimentum id, luctus nec, molestie sed, justo. Pellentesque viverra pede ac diam. Cras pellentesque volutpat dui.",2024-11-16T00:06:23Z
2421fae9-bfc8-422f-a754-fe899feb22d1,b7e07413-f965-40e5-9751-a7796f3bd03c,"Curabitur in libero ut massa volutpat convallis. Morbi odio odio, elementum eu, interdum eu, tincidunt in, leo. Maecenas pulvinar lobortis est.",2024-07-01T00:30:12Z
bb67233c-e122-42f5-bbed-9709e9eef363,62bbff9c-78a4-4aca-9c49-931021d2eeb1,Etiam vel augue. Vestibulum rutrum rutrum neque. Aenean auctor gravida sem.,2025-04-25T10:42:54Z
d965858a-ffa6-42d7-83b2-6953f2355e38,bc5daae5-7d01-4a73-9286-cd1dd922dbbc,"Maecenas ut massa quis augue luctus tincidunt. Nulla mollis molestie lorem. Quisque ut erat.

Curabitur gravida nisi at nibh. In hac habitasse platea dictumst. Aliquam augue quam, sollicitudin vitae, consectetuer eget, rutrum at, lorem.",2024-08-03T14:59:09Z
e4b91618-016d-4e00-ba22-ae9494afa7aa,ca8749b6-1863-4023-b490-38f32b78c8fe,"Aenean fermentum. Donec ut mauris eget massa tempor convallis. Nulla neque libero, convallis eget, eleifend luctus, ultricies eu, nibh.

Quisque id justo sit amet sapien dignissim vestibulum. Vestibulum ante ipsum primis in faucibus orci luctus et ultrices posuere cubilia Curae; Nulla dapibus dolor vel est. Donec odio justo, sollicitudin ut, suscipit a, feugiat et, eros.

Vestibulum ac est lacinia nisi venenatis tristique. Fusce congue, diam id ornare imperdiet, sapien urna pretium nisl, ut volutpat sapien arcu sed augue. Aliquam erat volutpat.",2025-03-20T00:23:14Z
428d03fd-c90f-4345-8397-cf55ccfafe21,3c20fe63-8b26-41ca-bcea-6be16d63fbde,"Praesent id massa id nisl venenatis lacinia. Aenean sit amet justo. Morbi ut odio.

Cras mi pede, malesuada in, imperdiet et, commodo vulputate, justo. In blandit ultrices enim. Lorem ipsum dolor sit amet, consectetuer adipiscing elit.",2024-09-18T13:49:35Z
8b3d85e2-79ad-4738-ba71-85461d62708b,517631e3-958a-4a6b-9cfd-aef33c3970c9,"Fusce posuere felis sed lacus. Morbi sem mauris, laoreet ut, rhoncus aliquet, pulvinar sed, nisl. Nunc rhoncus dui vel sem.",2025-02-23T12:46:29Z
c1ba0fa7-0948-4e94-967e-a8b58e00077e,7a24a0dd-988f-408c-86a3-2b10b21c682f,"Nullam porttitor lacus at turpis. Donec posuere metus vitae ipsum. Aliquam non mauris.

Morbi non lectus. Aliquam sit amet diam in magna bibendum imperdiet. Nullam orci pede, venenatis non, sodales sed, tincidunt eu, felis.

Fusce posuere felis sed lacus. Morbi sem mauris, laoreet ut, rhoncus aliquet, pulvinar sed, nisl. Nunc rhoncus dui vel sem.",2024-12-06T09:20:37Z
5943bd38-d10d-4791-ad7a-0646d1b96448,ecd75017-2ae1-4598-bab1-02837164ebea,"Maecenas ut massa quis augue luctus tincidunt. Nulla mollis molestie lorem. Quisque ut erat.

Curabitur gravida nisi at nibh. In hac habitasse platea dictumst. Aliquam augue quam, sollicitudin vitae, consectetuer eget, rutrum at, lorem.

Integer tincidunt ante vel ipsum. Praesent blandit lacinia erat. Vestibulum sed magna at nunc commodo placerat.",2024-11-09T13:02:55Z
b803756e-53fe-4cef-9ca6-468b2fcf5a95,68a005f8-3c86-4f95-9843-af72922fdc5d,"Maecenas ut massa quis augue luctus tincidunt. Nulla mollis molestie lorem. Quisque ut erat.

Curabitur gravida nisi at nibh. In hac habitasse platea dictumst. Aliquam augue quam, sollicitudin vitae, consectetuer eget, rutrum at, lorem.",2025-02-27T03:49:05Z
7b0cbce0-dbde-4151-a2a4-3e92c95f2a49,b3a0da79-6194-4126-85e4-5f20f5498c86,"Maecenas tristique, est et tempus semper, est quam pharetra magna, ac consequat metus sapien ut nunc. Vestibulum ante ipsum primis in faucibus orci luctus et ultrices posuere cubilia Curae; Mauris viverra diam vitae quam. Suspendisse potenti.

Nullam porttitor lacus at turpis. Donec posuere metus vitae ipsum. Aliquam non mauris.

Morbi non lectus. Aliquam sit amet diam in magna bibendum imperdiet. Nullam orci pede, venenatis non, sodales sed, tincidunt eu, felis.",2024-10-17T00:36:58Z
38cdd8d9-f09d-470c-9c9e-a2c080d6934c,8ce11f86-117f-4ea5-a5a1-2181d9e2245e,"Vestibulum quam sapien, varius ut, blandit non, interdum in, ante. Vestibulum ante ipsum primis in faucibus orci luctus et ultrices posuere cubilia Curae; Duis faucibus accumsan odio. Curabitur convallis.

Duis consequat dui nec nisi volutpat eleifend. Donec ut dolor. Morbi vel lectus in quam fringilla rhoncus.",2024-11-29T18:30:56Z
9c0f1b2a-92a3-4995-867c-12bd2a3c8234,250d3b98-28c9-4b9d-9ec9-c21954a3c943,In quis justo. Maecenas rhoncus aliquam lacus. Morbi quis tortor id nulla ultrices aliquet.,2024-12-22T23:32:34Z
b94acf12-c252-44a1-adb9-a3e1638fcbc3,8aeca847-30ef-40d3-bdee-639ba794f1f5,"Proin leo odio, porttitor id, consequat in, consequat ut, nulla. Sed accumsan felis. Ut at dolor quis odio consequat varius.

Integer ac leo. Pellentesque ultrices mattis odio. Donec vitae nisi.",2024-10-04T13:48:55Z
d4f98d60-eaa2-46b1-b095-f0fdc630c7b4,e0f41951-8cf8-4c32-a413-44e1ca3d2ea2,"Cras mi pede, malesuada in, imperdiet et, commodo vulputate, justo. In blandit ultrices enim. Lorem ipsum dolor sit amet, consectetuer adipiscing elit.

Proin interdum mauris non ligula pellentesque ultrices. Phasellus id sapien in sapien iaculis congue. Vivamus metus arcu, adipiscing molestie, hendrerit at, vulputate vitae, nisl.

Aenean lectus. Pellentesque eget nunc. Donec quis orci eget orci vehicula condimentum.",2024-06-30T22:26:31Z
fe6bc8fb-f746-4f89-aa2c-91dd14605567,a8e4108b-4ef5-4b73-84a9-62cd1b939ebf,Duis aliquam convallis nunc. Proin at turpis a pede posuere nonummy. Integer non velit.,2024-06-06T22:59:03Z
0f31158d-b59b-417d-9ee7-12437d178b9a,3425576d-2080-49d4-b112-da6af259a2e1,Integer tincidunt ante vel ipsum. Praesent blandit lacinia erat. Vestibulum sed magna at nunc commodo placerat.,2024-08-10T22:23:12Z
f92ee0d8-f6b6-4174-91e9-71aa00a6f1b4,0029340f-5351-406c-9b87-1d283b696052,"Pellentesque at nulla. Suspendisse potenti. Cras in purus eu magna vulputate luctus.

Cum sociis natoque penatibus et magnis dis parturient montes, nascetur ridiculus mus. Vivamus vestibulum sagittis sapien. Cum sociis natoque penatibus et magnis dis parturient montes, nascetur ridiculus mus.

Etiam vel augue. Vestibulum rutrum rutrum neque. Aenean auctor gravida sem.",2024-07-22T23:09:27Z
8f81a2c6-7943-4af2-9ddd-c0917c4ef4b6,bb0ef2ce-0f2d-4343-9fdd-7fc13d702003,Duis aliquam convallis nunc. Proin at turpis a pede posuere nonummy. Integer non velit.,2025-03-18T16:31:50Z
e7083ab4-5e20-4e6c-9b54-b3001f7bd00c,298e0502-db28-4067-86a2-407b9699890b,"Vestibulum quam sapien, varius ut, blandit non, interdum in, ante. Vestibulum ante ipsum primis in faucibus orci luctus et ultrices posuere cubilia Curae; Duis faucibus accumsan odio. Curabitur convallis.

Duis consequat dui nec nisi volutpat eleifend. Donec ut dolor. Morbi vel lectus in quam fringilla rhoncus.

Mauris enim leo, rhoncus sed, vestibulum sit amet, cursus id, turpis. Integer aliquet, massa id lobortis convallis, tortor risus dapibus augue, vel accumsan tellus nisi eu orci. Mauris lacinia sapien quis libero.",2025-05-02T00:45:06Z
3a1d8108-8f25-41f8-9f84-73367e0d5d06,acbf4fd2-d595-474f-b323-c7abc0326a38,"Integer tincidunt ante vel ipsum. Praesent blandit lacinia erat. Vestibulum sed magna at nunc commodo placerat.

Praesent blandit. Nam nulla. Integer pede justo, lacinia eget, tincidunt eget, tempus vel, pede.

Morbi porttitor lorem id ligula. Suspendisse ornare consequat lectus. In est risus, auctor sed, tristique in, tempus sit amet, sem.",2024-12-20T16:16:08Z
c059dd8e-eb67-4d6b-8236-dc82ff4f075d,7be80b68-8a02-429e-9e07-574815b92b79,"Integer tincidunt ante vel ipsum. Praesent blandit lacinia erat. Vestibulum sed magna at nunc commodo placerat.

Praesent blandit. Nam nulla. Integer pede justo, lacinia eget, tincidunt eget, tempus vel, pede.

Morbi porttitor lorem id ligula. Suspendisse ornare consequat lectus. In est risus, auctor sed, tristique in, tempus sit amet, sem.",2024-12-30T09:42:28Z
8d45b606-ef6a-4825-9956-c56c3b5977b7,0211563b-8bad-4623-b2cb-500233211acd,"Nullam sit amet turpis elementum ligula vehicula consequat. Morbi a ipsum. Integer a nibh.

In quis justo. Maecenas rhoncus aliquam lacus. Morbi quis tortor id nulla ultrices aliquet.

Maecenas leo odio, condimentum id, luctus nec, molestie sed, justo. Pellentesque viverra pede ac diam. Cras pellentesque volutpat dui.",2025-01-03T06:23:31Z
39d94ecb-01c0-49b0-8840-09302827b88f,2ae0131e-3a74-4eef-bf52-e46b143d7711,"Mauris enim leo, rhoncus sed, vestibulum sit amet, cursus id, turpis. Integer aliquet, massa id lobortis convallis, tortor risus dapibus augue, vel accumsan tellus nisi eu orci. Mauris lacinia sapien quis libero.",2024-10-16T11:12:57Z
fba85957-6dc7-4148-959d-1ff6386c4592,123c1224-284c-4fb4-b46e-7ebfaca9d6bc,"Curabitur gravida nisi at nibh. In hac habitasse platea dictumst. Aliquam augue quam, sollicitudin vitae, consectetuer eget, rutrum at, lorem.

Integer tincidunt ante vel ipsum. Praesent blandit lacinia erat. Vestibulum sed magna at nunc commodo placerat.

Praesent blandit. Nam nulla. Integer pede justo, lacinia eget, tincidunt eget, tempus vel, pede.",2025-03-16T20:41:36Z
f5fcecbe-0cec-4d2e-98b1-3188610067ab,725bcf50-df2e-4f18-a459-8ebf47c296dc,"Phasellus in felis. Donec semper sapien a libero. Nam dui.

Proin leo odio, porttitor id, consequat in, consequat ut, nulla. Sed accumsan felis. Ut at dolor quis odio consequat varius.

Integer ac leo. Pellentesque ultrices mattis odio. Donec vitae nisi.",2024-09-29T13:48:53Z
11f9a714-4edf-4480-bdb2-3d74dbee99eb,8e46ee8d-4b52-4b24-8f07-8acfe9239b4a,"In hac habitasse platea dictumst. Morbi vestibulum, velit id pretium iaculis, diam erat fermentum justo, nec condimentum neque sapien placerat ante. Nulla justo.

Aliquam quis turpis eget elit sodales scelerisque. Mauris sit amet eros. Suspendisse accumsan tortor quis turpis.

Sed ante. Vivamus tortor. Duis mattis egestas metus.",2025-01-15T15:31:12Z
121a5496-975c-4b9d-a1bd-e779e4e62f71,0f569bcb-f623-43e9-bbea-82f87d158fc4,"Curabitur in libero ut massa volutpat convallis. Morbi odio odio, elementum eu, interdum eu, tincidunt in, leo. Maecenas pulvinar lobortis est.

Phasellus sit amet erat. Nulla tempus. Vivamus in felis eu sapien cursus vestibulum.",2025-01-26T02:12:31Z
6649f9bf-e309-4fcc-8c3f-ad6646ff67f2,77eb66e7-a6dc-4073-90e4-56e1693e04ab,Pellentesque at nulla. Suspendisse potenti. Cras in purus eu magna vulputate luctus.,2024-09-29T12:40:57Z
0a4ff2a0-3ea7-420b-bf3e-7a01be7ff37f,7a7d11c1-836e-4269-aa32-07742de4940e,"Morbi non lectus. Aliquam sit amet diam in magna bibendum imperdiet. Nullam orci pede, venenatis non, sodales sed, tincidunt eu, felis.

Fusce posuere felis sed lacus. Morbi sem mauris, laoreet ut, rhoncus aliquet, pulvinar sed, nisl. Nunc rhoncus dui vel sem.",2024-07-01T20:30:50Z
c96ae11f-e455-45f4-8844-d614fe938a8a,886d8a64-167e-4433-a198-d5e415a47232,"Nullam porttitor lacus at turpis. Donec posuere metus vitae ipsum. Aliquam non mauris.

Morbi non lectus. Aliquam sit amet diam in magna bibendum imperdiet. Nullam orci pede, venenatis non, sodales sed, tincidunt eu, felis.",2025-01-02T04:10:52Z
e288ded7-516e-4a92-a971-b081d457239a,f7ad0215-ed57-4c5e-8d80-06438c8e82c5,Fusce consequat. Nulla nisl. Nunc nisl.,2024-10-01T06:30:19Z
5bb421b0-87ca-49f3-95b2-ded7cdc71bc3,a0ed8ccb-b9c9-49ef-8934-0f87aa15da93,"Cras mi pede, malesuada in, imperdiet et, commodo vulputate, justo. In blandit ultrices enim. Lorem ipsum dolor sit amet, consectetuer adipiscing elit.",2024-09-15T06:38:36Z
88ec1a52-73b8-4198-9fa7-a871bcf80a0f,58c5f2b5-3a5f-4fde-a79d-036e72b5d784,"Vestibulum quam sapien, varius ut, blandit non, interdum in, ante. Vestibulum ante ipsum primis in faucibus orci luctus et ultrices posuere cubilia Curae; Duis faucibus accumsan odio. Curabitur convallis.

Duis consequat dui nec nisi volutpat eleifend. Donec ut dolor. Morbi vel lectus in quam fringilla rhoncus.",2025-02-01T21:11:27Z
4481c9b1-5efa-4b56-ac99-3a9e4264d6c0,cbd14069-13be-4e77-8796-fa13b06f9936,"Cum sociis natoque penatibus et magnis dis parturient montes, nascetur ridiculus mus. Vivamus vestibulum sagittis sapien. Cum sociis natoque penatibus et magnis dis parturient montes, nascetur ridiculus mus.

Etiam vel augue. Vestibulum rutrum rutrum neque. Aenean auctor gravida sem.

Praesent id massa id nisl venenatis lacinia. Aenean sit amet justo. Morbi ut odio.",2024-12-23T12:49:13Z
91c5971f-fb22-48a4-bff7-ccfb837abec4,6dda0112-d64d-415e-8045-326e6047dbd9,"Quisque porta volutpat erat. Quisque erat eros, viverra eget, congue eget, semper rutrum, nulla. Nunc purus.

Phasellus in felis. Donec semper sapien a libero. Nam dui.

Proin leo odio, porttitor id, consequat in, consequat ut, nulla. Sed accumsan felis. Ut at dolor quis odio consequat varius.",2024-12-18T15:08:24Z
cf7c064b-8cda-4f7a-9439-1e5b1f3d152c,2ecec432-6798-478b-8764-60f7a51c7975,In congue. Etiam justo. Etiam pretium iaculis justo.,2024-07-03T08:15:45Z
66cf1582-7f37-4f0e-867b-50b7acc21563,efd42f5c-f4dc-4728-a9a6-7722c055993e,"Curabitur gravida nisi at nibh. In hac habitasse platea dictumst. Aliquam augue quam, sollicitudin vitae, consectetuer eget, rutrum at, lorem.

Integer tincidunt ante vel ipsum. Praesent blandit lacinia erat. Vestibulum sed magna at nunc commodo placerat.",2025-03-08T07:06:21Z
966bb638-52d0-41ab-b09f-0b5b51c37c16,9906f72c-6a6e-4fc2-a624-8ee2fd20ab73,"Fusce posuere felis sed lacus. Morbi sem mauris, laoreet ut, rhoncus aliquet, pulvinar sed, nisl. Nunc rhoncus dui vel sem.

Sed sagittis. Nam congue, risus semper porta volutpat, quam pede lobortis ligula, sit amet eleifend pede libero quis orci. Nullam molestie nibh in lectus.",2025-03-04T22:33:19Z
197a2109-838d-4adb-bbe7-ec802a3ee776,1debc127-b027-4674-b522-619597e47858,"Quisque porta volutpat erat. Quisque erat eros, viverra eget, congue eget, semper rutrum, nulla. Nunc purus.",2024-10-12T09:27:26Z
4ec13ed8-aaf9-45f5-9f5b-611b3e6dc84e,09e2a5d2-a6ff-46d3-96b8-94eac62d369f,"Cras non velit nec nisi vulputate nonummy. Maecenas tincidunt lacus at velit. Vivamus vel nulla eget eros elementum pellentesque.

Quisque porta volutpat erat. Quisque erat eros, viverra eget, congue eget, semper rutrum, nulla. Nunc purus.

Phasellus in felis. Donec semper sapien a libero. Nam dui.",2025-02-28T17:58:07Z
a75b6ad3-5f4d-4402-bf0d-87e1d1668b13,05141731-0129-4423-8027-51b982af8b8a,Sed ante. Vivamus tortor. Duis mattis egestas metus.,2024-06-24T17:46:24Z
e8acb970-be61-44c8-ac2a-963a8fe69aa4,b006d418-e21d-47ba-be28-faffc8be9ab7,"Nullam sit amet turpis elementum ligula vehicula consequat. Morbi a ipsum. Integer a nibh.

In quis justo. Maecenas rhoncus aliquam lacus. Morbi quis tortor id nulla ultrices aliquet.",2024-05-30T08:27:15Z
f747c1f0-4f08-478c-a53a-64964f51f442,72df44c4-6697-4b8e-9563-171f78469b04,"Proin leo odio, porttitor id, consequat in, consequat ut, nulla. Sed accumsan felis. Ut at dolor quis odio consequat varius.

Integer ac leo. Pellentesque ultrices mattis odio. Donec vitae nisi.

Nam ultrices, libero non mattis pulvinar, nulla pede ullamcorper augue, a suscipit nulla elit ac nulla. Sed vel enim sit amet nunc viverra dapibus. Nulla suscipit ligula in lacus.",2024-12-04T00:29:31Z
f04d3bd9-150e-4a40-a2f5-f41af24d4bbd,c9c24d25-9943-43fa-9a44-e5860da3ed07,"Sed ante. Vivamus tortor. Duis mattis egestas metus.

Aenean fermentum. Donec ut mauris eget massa tempor convallis. Nulla neque libero, convallis eget, eleifend luctus, ultricies eu, nibh.",2025-01-03T21:19:58Z
bcc523c9-f815-4403-a74b-be2c18b296d0,a4123791-f86c-46fa-8089-55c759bac565,"Phasellus sit amet erat. Nulla tempus. Vivamus in felis eu sapien cursus vestibulum.

Proin eu mi. Nulla ac enim. In tempor, turpis nec euismod scelerisque, quam turpis adipiscing lorem, vitae mattis nibh ligula nec sem.

Duis aliquam convallis nunc. Proin at turpis a pede posuere nonummy. Integer non velit.",2024-08-26T02:11:11Z
1ecd7e3a-32a7-4388-8f4a-64c7d2f4dea6,806346fe-b96e-4e5b-8fbe-59d051f6870d,"In quis justo. Maecenas rhoncus aliquam lacus. Morbi quis tortor id nulla ultrices aliquet.

Maecenas leo odio, condimentum id, luctus nec, molestie sed, justo. Pellentesque viverra pede ac diam. Cras pellentesque volutpat dui.

Maecenas tristique, est et tempus semper, est quam pharetra magna, ac consequat metus sapien ut nunc. Vestibulum ante ipsum primis in faucibus orci luctus et ultrices posuere cubilia Curae; Mauris viverra diam vitae quam. Suspendisse potenti.",2024-09-26T16:46:56Z
f74f55a7-201b-414f-9722-f6e10984c4af,bd145bf9-34d1-4d8f-a527-bc895f995fea,Pellentesque at nulla. Suspendisse potenti. Cras in purus eu magna vulputate luctus.,2025-02-18T23:23:26Z
b35783f2-5489-4a07-9db2-6260e9659c5f,69535286-2d37-44cb-96dd-5d604decfe48,"Morbi non lectus. Aliquam sit amet diam in magna bibendum imperdiet. Nullam orci pede, venenatis non, sodales sed, tincidunt eu, felis.",2024-10-31T21:29:37Z
4ac2128a-1366-45cf-a45a-f940daf73d5c,215ee42c-f245-4e9a-bcf4-b36caa2674f4,"Nulla ut erat id mauris vulputate elementum. Nullam varius. Nulla facilisi.

Cras non velit nec nisi vulputate nonummy. Maecenas tincidunt lacus at velit. Vivamus vel nulla eget eros elementum pellentesque.",2024-11-11T13:56:08Z
09076e79-64d3-49b9-b146-8740880831bf,bff3f01b-bc17-4aa9-a4e2-14b36de85229,Duis consequat dui nec nisi volutpat eleifend. Donec ut dolor. Morbi vel lectus in quam fringilla rhoncus.,2025-02-07T13:14:35Z
4d3f82d8-46a6-4634-b2da-3126c512e0d1,aa98564c-f98d-40fb-a932-bc6284de3aba,"Vestibulum quam sapien, varius ut, blandit non, interdum in, ante. Vestibulum ante ipsum primis in faucibus orci luctus et ultrices posuere cubilia Curae; Duis faucibus accumsan odio. Curabitur convallis.",2024-08-12T20:13:59Z
1fc53716-6dfb-43fa-a533-45d504313f07,adb9309b-acfb-45fc-9e9f-706d755fac9e,"Morbi porttitor lorem id ligula. Suspendisse ornare consequat lectus. In est risus, auctor sed, tristique in, tempus sit amet, sem.

Fusce consequat. Nulla nisl. Nunc nisl.

Duis bibendum, felis sed interdum venenatis, turpis enim blandit mi, in porttitor pede justo eu massa. Donec dapibus. Duis at velit eu est congue elementum.",2025-04-09T03:20:44Z
0467dc95-f21f-4ae2-8033-fd9eb15c60bb,a5937283-a32c-477f-9d55-c291aa1ad902,"In hac habitasse platea dictumst. Morbi vestibulum, velit id pretium iaculis, diam erat fermentum justo, nec condimentum neque sapien placerat ante. Nulla justo.

Aliquam quis turpis eget elit sodales scelerisque. Mauris sit amet eros. Suspendisse accumsan tortor quis turpis.

Sed ante. Vivamus tortor. Duis mattis egestas metus.",2025-04-23T01:43:46Z
