row,comment_id,text,comment_timestamp
1,c1,"Fusce lacus purus, aliquet at, feugiat non, pretium quis, lectus.",2024-06-13T05:01:54Z
2,c2,Curabitur at ipsum ac tellus semper interdum.,2025-04-14T18:29:30Z
3,c3,Morbi vel lectus in quam fringilla rhoncus.,2024-04-13T00:33:48Z
4,c4,Morbi non quam nec dui luctus rutrum.,2024-12-12T21:41:22Z
5,c5,Nunc rhoncus dui vel sem.,2024-08-29T18:56:44Z
6,c6,Nunc nisl.,2025-04-06T20:16:25Z
7,c7,"Integer aliquet, massa id lobortis convallis, tortor risus dapibus augue, vel accumsan tellus nisi eu orci.",2024-02-08T23:13:45Z
8,c8,Aliquam quis turpis eget elit sodales scelerisque.,2024-12-30T21:24:33Z
9,c9,Phasellus id sapien in sapien iaculis congue.,2025-01-14T07:00:08Z
10,c10,Nullam molestie nibh in lectus.,2024-08-03T07:05:20Z
11,c11,Fusce posuere felis sed lacus.,2025-01-14T02:09:55Z
12,c12,"Donec odio justo, sollicitudin ut, suscipit a, feugiat et, eros.",2024-01-19T01:56:29Z
13,c13,"Nullam orci pede, venenatis non, sodales sed, tincidunt eu, felis.",2025-04-21T22:50:02Z
14,c14,"Quisque erat eros, viverra eget, congue eget, semper rutrum, nulla.",2024-10-20T19:46:29Z
15,c15,Nunc rhoncus dui vel sem.,2024-03-27T14:03:58Z
16,c16,Nulla suscipit ligula in lacus.,2025-01-17T04:00:36Z
17,c17,Suspendisse ornare consequat lectus.,2025-02-07T19:58:43Z
18,c18,"Morbi vestibulum, velit id pretium iaculis, diam erat fermentum justo, nec condimentum neque sapien placerat ante.",2024-10-26T19:19:46Z
19,c19,"Morbi sem mauris, laoreet ut, rhoncus aliquet, pulvinar sed, nisl.",2024-12-21T20:15:50Z
20,c20,"Morbi odio odio, elementum eu, interdum eu, tincidunt in, leo.",2025-05-06T14:21:27Z
21,c21,Proin interdum mauris non ligula pellentesque ultrices.,2024-01-26T17:00:46Z
22,c22,Aliquam non mauris.,2025-05-05T03:51:39Z
23,c23,Mauris sit amet eros.,2024-05-03T17:03:49Z
24,c24,"Vestibulum ante ipsum primis in faucibus orci luctus et ultrices posuere cubilia Curae; Donec pharetra, magna vestibulum aliquet ultrices, erat tortor sollicitudin mi, sit amet lobortis sapien sapien non mi.",2024-08-01T03:45:37Z
25,c25,Nulla tellus.,2024-09-03T19:02:42Z
26,c26,Aenean lectus.,2024-09-05T18:13:32Z
27,c27,Nulla suscipit ligula in lacus.,2024-11-10T09:46:44Z
28,c28,"Aliquam augue quam, sollicitudin vitae, consectetuer eget, rutrum at, lorem.",2024-10-02T13:26:35Z
29,c29,Morbi non quam nec dui luctus rutrum.,2024-01-19T00:31:12Z
30,c30,"Morbi sem mauris, laoreet ut, rhoncus aliquet, pulvinar sed, nisl.",2024-06-17T06:51:39Z
31,c31,Curabitur convallis.,2024-05-21T14:39:34Z
32,c32,Curabitur in libero ut massa volutpat convallis.,2025-01-30T07:32:36Z
33,c33,Maecenas rhoncus aliquam lacus.,2024-12-19T15:47:08Z
34,c34,Maecenas rhoncus aliquam lacus.,2024-03-01T20:17:42Z
35,c35,In congue.,2024-06-21T01:20:11Z
36,c36,Aliquam erat volutpat.,2024-03-22T18:18:34Z
37,c37,"Fusce lacus purus, aliquet at, feugiat non, pretium quis, lectus.",2024-09-07T16:02:59Z
38,c38,Nam dui.,2024-10-10T07:32:26Z
39,c39,Duis at velit eu est congue elementum.,2024-06-11T07:46:08Z
40,c40,In hac habitasse platea dictumst.,2024-08-18T08:22:33Z
41,c41,Vivamus in felis eu sapien cursus vestibulum.,2024-05-28T01:21:11Z
42,c42,Quisque ut erat.,2024-02-15T06:22:39Z
43,c43,Morbi porttitor lorem id ligula.,2025-03-04T17:49:34Z
44,c44,Quisque ut erat.,2024-02-15T10:33:04Z
45,c45,Duis at velit eu est congue elementum.,2024-07-26T10:27:56Z
46,c46,Vestibulum ante ipsum primis in faucibus orci luctus et ultrices posuere cubilia Curae; Mauris viverra diam vitae quam.,2024-10-29T01:00:13Z
47,c47,Phasellus id sapien in sapien iaculis congue.,2025-01-06T03:21:02Z
48,c48,Vivamus vestibulum sagittis sapien.,2024-04-30T03:34:27Z
49,c49,Proin eu mi.,2024-09-27T22:13:06Z
50,c50,Donec ut dolor.,2025-01-28T06:49:39Z
51,c51,Proin eu mi.,2025-03-02T18:21:10Z
52,c52,"Quisque erat eros, viverra eget, congue eget, semper rutrum, nulla.",2024-06-14T20:54:10Z
53,c53,Proin risus.,2024-10-19T20:06:50Z
54,c54,Nam nulla.,2024-04-03T06:08:00Z
55,c55,Nulla ut erat id mauris vulputate elementum.,2024-12-01T14:27:34Z
56,c56,Pellentesque at nulla.,2024-05-10T11:54:56Z
57,c57,Phasellus sit amet erat.,2024-01-16T08:58:28Z
58,c58,Praesent blandit lacinia erat.,2024-05-01T22:09:10Z
59,c59,In eleifend quam a odio.,2025-01-18T08:17:48Z
60,c60,Nulla ac enim.,2024-05-07T13:10:37Z
61,c61,Suspendisse potenti.,2024-01-03T19:14:25Z
62,c62,Morbi non quam nec dui luctus rutrum.,2024-07-02T14:27:24Z
63,c63,"Nullam orci pede, venenatis non, sodales sed, tincidunt eu, felis.",2024-04-12T16:46:25Z
64,c64,Sed sagittis.,2025-03-30T09:51:49Z
65,c65,Proin interdum mauris non ligula pellentesque ultrices.,2024-09-09T16:38:20Z
66,c66,Maecenas pulvinar lobortis est.,2024-03-11T00:48:13Z
67,c67,Donec semper sapien a libero.,2024-02-17T04:35:23Z
68,c68,In hac habitasse platea dictumst.,2024-10-05T22:35:50Z
69,c69,Sed ante.,2024-08-02T04:34:59Z
70,c70,In congue.,2025-03-11T10:40:25Z
71,c71,Pellentesque viverra pede ac diam.,2024-09-10T06:53:22Z
72,c72,Morbi quis tortor id nulla ultrices aliquet.,2025-04-03T23:54:15Z
73,c73,Suspendisse ornare consequat lectus.,2024-08-12T13:15:32Z
74,c74,Pellentesque viverra pede ac diam.,2025-03-15T12:34:22Z
75,c75,Maecenas pulvinar lobortis est.,2025-03-05T05:59:25Z
76,c76,In eleifend quam a odio.,2024-01-11T06:58:08Z
77,c77,Donec ut dolor.,2025-03-04T07:37:13Z
78,c78,Sed accumsan felis.,2024-02-26T05:48:06Z
79,c79,Aenean lectus.,2024-01-08T06:20:05Z
80,c80,Praesent blandit.,2025-01-09T21:24:03Z
81,c81,Morbi a ipsum.,2024-10-30T13:44:35Z
82,c82,Nulla nisl.,2024-06-18T07:22:43Z
83,c83,Nulla ut erat id mauris vulputate elementum.,2024-02-28T10:15:47Z
84,c84,Vestibulum ante ipsum primis in faucibus orci luctus et ultrices posuere cubilia Curae; Duis faucibus accumsan odio.,2024-02-29T04:30:02Z
85,c85,Nullam varius.,2024-11-06T02:18:05Z
86,c86,"Vivamus metus arcu, adipiscing molestie, hendrerit at, vulputate vitae, nisl.",2024-12-12T20:27:38Z
87,c87,"Cum sociis natoque penatibus et magnis dis parturient montes, nascetur ridiculus mus.",2024-09-27T22:37:03Z
88,c88,Curabitur at ipsum ac tellus semper interdum.,2025-04-09T09:01:58Z
89,c89,Aliquam erat volutpat.,2024-04-02T13:07:37Z
90,c90,Proin eu mi.,2024-06-09T00:57:56Z
91,c91,Mauris sit amet eros.,2024-09-21T06:14:31Z
92,c92,In quis justo.,2025-03-12T14:20:33Z
93,c93,Curabitur at ipsum ac tellus semper interdum.,2024-07-17T02:32:29Z
94,c94,Fusce posuere felis sed lacus.,2024-12-30T08:42:42Z
95,c95,Donec dapibus.,2024-06-09T02:26:03Z
96,c96,"Mauris enim leo, rhoncus sed, vestibulum sit amet, cursus id, turpis.",2025-05-01T03:11:34Z
97,c97,Aenean fermentum.,2024-10-22T17:24:30Z
98,c98,"Morbi vestibulum, velit id pretium iaculis, diam erat fermentum justo, nec condimentum neque sapien placerat ante.",2025-01-12T23:50:13Z
99,c99,Integer non velit.,2024-02-17T13:38:45Z
100,c100,"Vestibulum ante ipsum primis in faucibus orci luctus et ultrices posuere cubilia Curae; Donec pharetra, magna vestibulum aliquet ultrices, erat tortor sollicitudin mi, sit amet lobortis sapien sapien non mi.",2024-04-06T17:20:42Z
