row,user_id,name,email
1,u1,pscraggs0,nisbell0@uol.com.br
2,u2,zsullivan1,lfike1@nydailynews.com
3,u3,dcawse2,cohagerty2@unicef.org
4,u4,lfolling3,akynforth3@apple.com
5,u5,gpetracco4,csporgeon4@unicef.org
6,u6,bshewring5,dkynton5@vinaora.com
7,u7,mpaschke6,belder6@tiny.cc
8,u8,tshadfourth7,gmacgiolla7@imgur.com
9,u9,fvasnev8,ahavock8@squidoo.com
10,u10,ebouch9,hbalasin9@unesco.org
11,u11,nrattrya,jmurkina@deviantart.com
12,u12,bmaboneb,swillcocksb@barnesandnoble.com
13,u13,kbraxayc,lhonywillc@reuters.com
14,u14,ehollowsd,rantognazzid@123-reg.co.uk
15,u15,bfolkese,jkidstonee@webeden.co.uk
16,u16,jfaltskogf,pbalassif@yelp.com
17,u17,cpookeg,cdallingg@sun.com
18,u18,bpardyh,oworsallh@constantcontact.com
19,u19,adelahayi,ipenyltoni@intel.com
20,u20,bkeatleyj,jbradmorej@princeton.edu
21,u21,fhurleyk,dfranceschinok@ocn.ne.jp
22,u22,csoarl,ltallachl@multiply.com
23,u23,wdesforgesm,afritchem@oakley.com
24,u24,cloughtonn,dfetteplacen@tmall.com
25,u25,fsarcho,adampero@aboutads.info
26,u26,nbuchamp,tbagwellp@tiny.cc
27,u27,mmacaulayq,gcasassaq@webmd.com
28,u28,bgreviler,aattersollr@ning.com
29,u29,cstokeys,bkunzes@usa.gov
30,u30,cdoumerquet,amacrot@xinhuanet.com
31,u31,tmackibbonu,hharesnapeu@ask.com
32,u32,schuckv,wwoodruffv@ning.com
33,u33,eklausenw,pdavanaw@google.pl
34,u34,efairfoulx,bstotherfieldx@nydailynews.com
35,u35,agiacoppoliy,rmerkley@thetimes.co.uk
36,u36,baitkenz,everrierz@dell.com
37,u37,lvevers10,msarginson10@oracle.com
38,u38,mjackways11,wvallentin11@blogger.com
39,u39,bwalwood12,sleyshon12@fastcompany.com
40,u40,ldunphy13,btilburn13@berkeley.edu
41,u41,whalfacree14,dgrimbaldeston14@ftc.gov
42,u42,cforde15,micke15@xrea.com
43,u43,amathon16,lebbing16@alibaba.com
44,u44,cmangenet17,mwatsham17@theatlantic.com
45,u45,lmylchreest18,mpetzolt18@youku.com
46,u46,mgiacobillo19,jkrzyzaniak19@arstechnica.com
47,u47,gbarstock1a,rexer1a@kickstarter.com
48,u48,bfeaver1b,klurriman1b@walmart.com
49,u49,vgatus1c,rlamerton1c@oakley.com
50,u50,cepiscopio1d,dglauber1d@epa.gov
51,u51,kwharby1e,skettlesing1e@dagondesign.com
52,u52,tsymondson1f,qfiller1f@typepad.com
53,u53,pcatenot1g,lyurtsev1g@oakley.com
54,u54,dgirardey1h,dturnor1h@quantcast.com
55,u55,jkemmis1i,rfennelow1i@hhs.gov
56,u56,adoucette1j,seyckel1j@intel.com
57,u57,bpepineaux1k,ahaggidon1k@about.me
58,u58,dprangnell1l,sgencke1l@shop-pro.jp
59,u59,rmedina1m,cfuller1m@wired.com
60,u60,agasken1n,bdomm1n@twitter.com
61,u61,tpreon1o,bissacson1o@house.gov
62,u62,garstall1p,moluney1p@ftc.gov
63,u63,gbendon1q,eilyunin1q@domainmarket.com
64,u64,fcisec1r,gboggis1r@hubpages.com
65,u65,kmapham1s,cfoxhall1s@npr.org
66,u66,hdinsmore1t,bwelsby1t@newyorker.com
67,u67,lbyer1u,dgollin1u@msu.edu
68,u68,ekilliam1v,lbaildon1v@alibaba.com
69,u69,twithnall1w,iknowlys1w@xrea.com
70,u70,gshuttleworth1x,amercy1x@wikia.com
71,u71,trulf1y,cleahey1y@jalbum.net
72,u72,sfrancey1z,mbromont1z@craigslist.org
73,u73,jdorning20,ntillard20@hp.com
74,u74,kgladdolph21,mburnham21@soup.io
75,u75,hdowling22,mbygrove22@mysql.com
76,u76,brudinger23,ddrew23@sciencedaily.com
77,u77,kancketill24,gswanwick24@salon.com
78,u78,kmatthiae25,mpurse25@nyu.edu
79,u79,dgarbar26,ngooderidge26@economist.com
80,u80,bwaistell27,cpodbury27@51.la
81,u81,bburchill28,voverpool28@unesco.org
82,u82,tdelacourt29,ebennit29@google.com.hk
83,u83,fhawkeswood2a,rkuhndel2a@biglobe.ne.jp
84,u84,ohuncote2b,mcarlick2b@sakura.ne.jp
85,u85,cmagwood2c,psnawdon2c@amazon.com
86,u86,pohare2d,ogindghill2d@salon.com
87,u87,astodd2e,ghaddick2e@kickstarter.com
88,u88,bbernaert2f,mandric2f@vimeo.com
89,u89,rhardes2g,bmoulin2g@miitbeian.gov.cn
90,u90,jhelix2h,ebisley2h@spotify.com
91,u91,stitterton2i,ckilmurry2i@ameblo.jp
92,u92,kallenby2j,ylemin2j@xing.com
93,u93,khenkmann2k,dstoile2k@latimes.com
94,u94,rspaule2l,pancliffe2l@photobucket.com
95,u95,rnormanvill2m,rliddell2m@ning.com
96,u96,jtinham2n,rrodell2n@free.fr
97,u97,cheintze2o,lleader2o@usgs.gov
98,u98,ymccroft2p,malliband2p@privacy.gov.au
99,u99,ssmeaton2q,mrimes2q@comcast.net
100,u100,cjoriot2r,nreast2r@youtu.be
