user_id,post_id
u7,p1
u2,p2
u1,p3
u3,p4
u3,p5
u8,p6
u8,p7
u6,p8
u5,p9
u4,p10
u2,p11
u6,p12
u2,p13
u9,p14
u2,p15
u4,p16
u1,p17
u4,p18
u10,p19
u1,p20
u9,p21
u4,p22
u5,p23
u4,p24
u4,p25
u4,p26
u6,p27
u8,p28
u10,p29
u7,p30
u1,p31
u6,p32
u1,p33
u3,p34
u1,p35
u8,p36
u8,p37
u6,p38
u10,p39
u5,p40
u5,p41
u3,p42
u5,p43
u10,p44
u2,p45
u4,p46
u2,p47
u4,p48
u10,p49
u8,p50
u4,p51
u5,p52
u5,p53
u8,p54
u4,p55
u1,p56
u8,p57
u1,p58
u7,p59
u7,p60
u3,p61
u5,p62
u6,p63
u8,p64
u4,p65
u8,p66
u3,p67
u10,p68
u10,p69
u10,p70
u8,p71
u1,p72
u6,p73
u5,p74
u3,p75
u8,p76
u9,p77
u9,p78
u3,p79
u3,p80
u5,p81
u2,p82
u9,p83
u6,p84
u9,p85
u10,p86
u3,p87
u6,p88
u1,p89
u5,p90
u5,p91
u6,p92
u9,p93
u5,p94
u5,p95
u5,p96
u10,p97
u10,p98
u1,p99
u4,p100
