user_id,post_id,author_id,content,created_at
b8141429-87df-48dc-88d1-f59cbeb1b77d,be91d332-f2d6-4a2e-8a1f-20389c2c3eda,d3f8bc2f-961d-4061-b0ab-0847dafb4a86,"Proin leo odio, porttitor id, consequat in, consequat ut, nulla. Sed accumsan felis. Ut at dolor quis odio consequat varius.",2024-10-10T11:52:58Z
3a455787-1bcd-4a19-8940-b0b0c1bdc51c,9c3100ad-4cf5-427d-a345-5b8b803bb2ea,bad7678e-6997-49b9-a331-b603b84bc623,"Cum sociis natoque penatibus et magnis dis parturient montes, nascetur ridiculus mus. Vivamus vestibulum sagittis sapien. Cum sociis natoque penatibus et magnis dis parturient montes, nascetur ridiculus mus.

Etiam vel augue. Vestibulum rutrum rutrum neque. Aenean auctor gravida sem.",2024-06-24T23:40:39Z
605d7a91-195c-4711-bb3b-3547a610390e,a41c1dfa-e902-44d2-ad18-c7f0b661f5fc,a67f67aa-4dc3-43ac-9732-f73d1c01e052,"Donec diam neque, vestibulum eget, vulputate ut, ultrices vel, augue. Vestibulum ante ipsum primis in faucibus orci luctus et ultrices posuere cubilia Curae; Donec pharetra, magna vestibulum aliquet ultrices, erat tortor sollicitudin mi, sit amet lobortis sapien sapien non mi. Integer ac neque.",2024-06-14T23:05:23Z
d26b3c89-fa12-47c3-9b26-2fc8355ac1bc,d09c7f00-37ba-4f94-b1d2-bb87af8a05de,6b35fb23-2093-419b-b291-8dfbf9ea25ab,"Donec diam neque, vestibulum eget, vulputate ut, ultrices vel, augue. Vestibulum ante ipsum primis in faucibus orci luctus et ultrices posuere cubilia Curae; Donec pharetra, magna vestibulum aliquet ultrices, erat tortor sollicitudin mi, sit amet lobortis sapien sapien non mi. Integer ac neque.",2024-06-24T15:49:03Z
45654938-c84b-4383-9eb9-2b5d0d2b0f40,d239f3fa-1aae-4577-ae75-bea57637f87e,f0342d75-0194-470b-b73d-2e58fe5fd35d,Cras non velit nec nisi vulputate nonummy. Maecenas tincidunt lacus at velit. Vivamus vel nulla eget eros elementum pellentesque.,2025-01-14T11:40:46Z
3850e91d-8b98-4e21-80c1-1fa8908c7b16,dc2e735d-96f1-46e4-99a4-c206f40767f4,a35d8cad-00e5-4c99-9d3a-1ba5e8d55f03,"Fusce consequat. Nulla nisl. Nunc nisl.

Duis bibendum, felis sed interdum venenatis, turpis enim blandit mi, in porttitor pede justo eu massa. Donec dapibus. Duis at velit eu est congue elementum.

In hac habitasse platea dictumst. Morbi vestibulum, velit id pretium iaculis, diam erat fermentum justo, nec condimentum neque sapien placerat ante. Nulla justo.",2025-01-09T20:43:34Z
0fe0bc28-6ad6-408c-a8ba-c9101b1c271a,7a8cd652-60cf-449c-8833-0ad1a9cdcb91,07b4b5a1-89a8-439c-a728-edc0d0fe055f,"Proin interdum mauris non ligula pellentesque ultrices. Phasellus id sapien in sapien iaculis congue. Vivamus metus arcu, adipiscing molestie, hendrerit at, vulputate vitae, nisl.

Aenean lectus. Pellentesque eget nunc. Donec quis orci eget orci vehicula condimentum.

Curabitur in libero ut massa volutpat convallis. Morbi odio odio, elementum eu, interdum eu, tincidunt in, leo. Maecenas pulvinar lobortis est.",2025-02-12T23:46:19Z
72c22c7c-1961-4d6c-a87f-12d14a6b97a6,b50c5ff6-e52f-4f1d-b765-3c57c4179c17,095d28cb-3313-4cf0-bc8d-f02515fa4010,"Nullam sit amet turpis elementum ligula vehicula consequat. Morbi a ipsum. Integer a nibh.

In quis justo. Maecenas rhoncus aliquam lacus. Morbi quis tortor id nulla ultrices aliquet.

Maecenas leo odio, condimentum id, luctus nec, molestie sed, justo. Pellentesque viverra pede ac diam. Cras pellentesque volutpat dui.",2024-07-26T21:59:11Z
fa2cd4db-760d-4e41-9617-54f97bcb03f3,fa71f5e3-db34-4277-aceb-39bfa9979235,c3d9324e-f247-4f62-83ea-b6a4237fe34b,"Phasellus sit amet erat. Nulla tempus. Vivamus in felis eu sapien cursus vestibulum.

Proin eu mi. Nulla ac enim. In tempor, turpis nec euismod scelerisque, quam turpis adipiscing lorem, vitae mattis nibh ligula nec sem.

Duis aliquam convallis nunc. Proin at turpis a pede posuere nonummy. Integer non velit.",2024-12-19T19:16:48Z
8b428640-152d-46e3-a8a5-260bc30558c8,a2cf69e8-8956-449b-941f-49e305f8d663,541708af-cb6b-49f2-8c66-dd3c46f20746,"Suspendisse potenti. In eleifend quam a odio. In hac habitasse platea dictumst.

Maecenas ut massa quis augue luctus tincidunt. Nulla mollis molestie lorem. Quisque ut erat.

Curabitur gravida nisi at nibh. In hac habitasse platea dictumst. Aliquam augue quam, sollicitudin vitae, consectetuer eget, rutrum at, lorem.",2024-09-10T07:23:58Z
799ff221-6d9f-4770-9549-64ea0dd55326,19bd00ca-7d5c-4c2e-b16e-f0fa39ce41fe,40211809-c1ed-4c87-8c52-48d83d016ebc,"Duis consequat dui nec nisi volutpat eleifend. Donec ut dolor. Morbi vel lectus in quam fringilla rhoncus.

Mauris enim leo, rhoncus sed, vestibulum sit amet, cursus id, turpis. Integer aliquet, massa id lobortis convallis, tortor risus dapibus augue, vel accumsan tellus nisi eu orci. Mauris lacinia sapien quis libero.

Nullam sit amet turpis elementum ligula vehicula consequat. Morbi a ipsum. Integer a nibh.",2024-09-25T01:18:42Z
2ff2ed9c-b401-41a5-bef7-eb3699bae408,69730999-b2c3-4f5d-a1f3-e177b719ba62,6767c6e7-a507-40a3-8d4b-99089b78b090,"Maecenas ut massa quis augue luctus tincidunt. Nulla mollis molestie lorem. Quisque ut erat.

Curabitur gravida nisi at nibh. In hac habitasse platea dictumst. Aliquam augue quam, sollicitudin vitae, consectetuer eget, rutrum at, lorem.",2024-05-21T11:01:55Z
dc38be6b-0a09-4f92-9c5f-1f40d1c3c215,e2215e51-ecf9-4e25-9d3b-a8d4fdafbb8b,dd8ddf7e-39ac-4052-a2ae-f8503d8c9a69,"Duis consequat dui nec nisi volutpat eleifend. Donec ut dolor. Morbi vel lectus in quam fringilla rhoncus.

Mauris enim leo, rhoncus sed, vestibulum sit amet, cursus id, turpis. Integer aliquet, massa id lobortis convallis, tortor risus dapibus augue, vel accumsan tellus nisi eu orci. Mauris lacinia sapien quis libero.",2025-04-22T16:11:57Z
061837c6-10c6-4fee-95cb-c5e2915dc8dd,f511a056-ab3d-46b4-a707-284277294d75,535d9f65-1392-41d3-9d7a-535f5463ce90,"Duis bibendum, felis sed interdum venenatis, turpis enim blandit mi, in porttitor pede justo eu massa. Donec dapibus. Duis at velit eu est congue elementum.

In hac habitasse platea dictumst. Morbi vestibulum, velit id pretium iaculis, diam erat fermentum justo, nec condimentum neque sapien placerat ante. Nulla justo.

Aliquam quis turpis eget elit sodales scelerisque. Mauris sit amet eros. Suspendisse accumsan tortor quis turpis.",2024-12-11T07:01:14Z
31d641a5-29f7-4dc7-aa1e-2bc366ac8e23,c5f2bab1-0d59-4827-aa0f-a22bba53cf86,3aee23c5-3ff6-4855-93c3-820a7ed770bd,"Cras mi pede, malesuada in, imperdiet et, commodo vulputate, justo. In blandit ultrices enim. Lorem ipsum dolor sit amet, consectetuer adipiscing elit.

Proin interdum mauris non ligula pellentesque ultrices. Phasellus id sapien in sapien iaculis congue. Vivamus metus arcu, adipiscing molestie, hendrerit at, vulputate vitae, nisl.",2024-12-26T21:06:04Z
8ab51b45-e4fa-4e29-b9f2-773d9efa39d0,cd8dbdf6-3c06-42e3-842f-1269d2f751ff,eb1f0615-78ac-4309-8a8f-d23e52293ac1,"Duis bibendum, felis sed interdum venenatis, turpis enim blandit mi, in porttitor pede justo eu massa. Donec dapibus. Duis at velit eu est congue elementum.

In hac habitasse platea dictumst. Morbi vestibulum, velit id pretium iaculis, diam erat fermentum justo, nec condimentum neque sapien placerat ante. Nulla justo.

Aliquam quis turpis eget elit sodales scelerisque. Mauris sit amet eros. Suspendisse accumsan tortor quis turpis.",2024-06-16T18:20:40Z
420897f8-dab6-4e31-9b43-cfc98cd6a39b,f519ade1-61c7-4064-a7e5-fd43f8e9e674,208bf004-3b8b-4683-a6f1-aca70706a035,"Donec diam neque, vestibulum eget, vulputate ut, ultrices vel, augue. Vestibulum ante ipsum primis in faucibus orci luctus et ultrices posuere cubilia Curae; Donec pharetra, magna vestibulum aliquet ultrices, erat tortor sollicitudin mi, sit amet lobortis sapien sapien non mi. Integer ac neque.

Duis bibendum. Morbi non quam nec dui luctus rutrum. Nulla tellus.

In sagittis dui vel nisl. Duis ac nibh. Fusce lacus purus, aliquet at, feugiat non, pretium quis, lectus.",2025-01-29T15:13:19Z
8b189608-1486-4e00-b219-ba0089cc4204,738ec448-1ef3-4304-a245-8987b5fd1108,70ac74fe-2e86-4304-aba3-3f78b9283c33,"Proin leo odio, porttitor id, consequat in, consequat ut, nulla. Sed accumsan felis. Ut at dolor quis odio consequat varius.

Integer ac leo. Pellentesque ultrices mattis odio. Donec vitae nisi.",2025-01-02T09:18:40Z
044c63b0-a170-4a6e-9175-2cf3912bca75,195de5d4-8f7a-4e12-a0be-cb4e7880d7b5,d93d5a7f-f760-47cc-a6d4-0a2e83037087,"Aenean fermentum. Donec ut mauris eget massa tempor convallis. Nulla neque libero, convallis eget, eleifend luctus, ultricies eu, nibh.

Quisque id justo sit amet sapien dignissim vestibulum. Vestibulum ante ipsum primis in faucibus orci luctus et ultrices posuere cubilia Curae; Nulla dapibus dolor vel est. Donec odio justo, sollicitudin ut, suscipit a, feugiat et, eros.

Vestibulum ac est lacinia nisi venenatis tristique. Fusce congue, diam id ornare imperdiet, sapien urna pretium nisl, ut volutpat sapien arcu sed augue. Aliquam erat volutpat.",2024-09-03T22:39:14Z
4143483a-593e-4dc1-b2e9-988921fae0ec,9a2d4196-e328-4b12-a6f7-92e0dbc746a4,91d4ac5c-d2d0-4b22-9687-55707362f687,"Proin interdum mauris non ligula pellentesque ultrices. Phasellus id sapien in sapien iaculis congue. Vivamus metus arcu, adipiscing molestie, hendrerit at, vulputate vitae, nisl.",2024-12-25T06:18:05Z
3f7d1e75-1d8c-4bbd-bb59-39017def5225,910c6af6-2d62-442f-b8b7-a26a77a382aa,a0e1c8e9-3830-4280-8672-6596f7ff0977,"Praesent blandit. Nam nulla. Integer pede justo, lacinia eget, tincidunt eget, tempus vel, pede.

Morbi porttitor lorem id ligula. Suspendisse ornare consequat lectus. In est risus, auctor sed, tristique in, tempus sit amet, sem.

Fusce consequat. Nulla nisl. Nunc nisl.",2024-07-18T03:31:14Z
b18a69db-a2dc-4934-8e05-e09113621d5e,a6f3cf79-63b6-4b49-a804-b3bffa5d3173,a8389f4f-9a4a-46b8-a095-99a1a55d36d4,Phasellus sit amet erat. Nulla tempus. Vivamus in felis eu sapien cursus vestibulum.,2024-12-30T08:52:58Z
176e4580-97a7-4029-a039-222ea7b2bced,20773ef7-1d63-4859-978b-65eace2d6999,c04cbf86-3ff7-4357-8275-2c2e2a061038,"Nam ultrices, libero non mattis pulvinar, nulla pede ullamcorper augue, a suscipit nulla elit ac nulla. Sed vel enim sit amet nunc viverra dapibus. Nulla suscipit ligula in lacus.",2025-02-23T22:43:30Z
e0103785-ff63-4776-a842-984471fbf23c,19e634a2-4e23-4455-9254-da29c7ccb897,87c8c736-e599-48fd-b363-63765cd0d365,"Aliquam quis turpis eget elit sodales scelerisque. Mauris sit amet eros. Suspendisse accumsan tortor quis turpis.

Sed ante. Vivamus tortor. Duis mattis egestas metus.

Aenean fermentum. Donec ut mauris eget massa tempor convallis. Nulla neque libero, convallis eget, eleifend luctus, ultricies eu, nibh.",2024-11-02T11:24:23Z
16dbe899-d679-4b2a-bba5-8e309f9d064b,58023d6b-d680-43f1-9f27-3ac46663e049,1363d8f7-626f-4dd4-a388-abd86eb40a81,"Nam ultrices, libero non mattis pulvinar, nulla pede ullamcorper augue, a suscipit nulla elit ac nulla. Sed vel enim sit amet nunc viverra dapibus. Nulla suscipit ligula in lacus.

Curabitur at ipsum ac tellus semper interdum. Mauris ullamcorper purus sit amet nulla. Quisque arcu libero, rutrum ac, lobortis vel, dapibus at, diam.",2025-01-24T00:59:03Z
a598e7c8-0e33-4a84-b583-331926111601,fe660068-97f1-4f19-84b1-cc38029cd066,561b04ff-8797-4bdc-9158-a811696199fe,"Mauris enim leo, rhoncus sed, vestibulum sit amet, cursus id, turpis. Integer aliquet, massa id lobortis convallis, tortor risus dapibus augue, vel accumsan tellus nisi eu orci. Mauris lacinia sapien quis libero.",2025-02-28T23:20:17Z
48ba22c3-27b5-4330-8c5d-31b4e7424b64,cf04bd45-a5fc-4c99-a6f6-c669658e9d02,fe94d3d5-ad27-4eb1-afdb-030ecdae7e0f,"Nam ultrices, libero non mattis pulvinar, nulla pede ullamcorper augue, a suscipit nulla elit ac nulla. Sed vel enim sit amet nunc viverra dapibus. Nulla suscipit ligula in lacus.",2025-01-09T12:46:48Z
a57a1190-4575-4201-b4d0-bb201e9d6a67,419e1b3b-78bd-4c2f-9ddc-dddd7883b460,239777ae-7e0a-4c52-9403-ec1e7fcb69be,"Curabitur in libero ut massa volutpat convallis. Morbi odio odio, elementum eu, interdum eu, tincidunt in, leo. Maecenas pulvinar lobortis est.

Phasellus sit amet erat. Nulla tempus. Vivamus in felis eu sapien cursus vestibulum.

Proin eu mi. Nulla ac enim. In tempor, turpis nec euismod scelerisque, quam turpis adipiscing lorem, vitae mattis nibh ligula nec sem.",2025-04-17T23:52:49Z
8d6083ee-7651-410c-8593-29676b9ebacd,35f55139-5ab9-4360-87c2-9ca8f846bb8c,01231cdb-88d3-4116-bbc6-2a04f8bc4928,"Fusce posuere felis sed lacus. Morbi sem mauris, laoreet ut, rhoncus aliquet, pulvinar sed, nisl. Nunc rhoncus dui vel sem.

Sed sagittis. Nam congue, risus semper porta volutpat, quam pede lobortis ligula, sit amet eleifend pede libero quis orci. Nullam molestie nibh in lectus.",2024-10-20T17:42:15Z
2e5693be-d9ac-413e-a208-d7df936ec35a,fa935268-73c6-442a-b744-9772bfd84449,73ecbbf4-9c8b-4a4d-a463-ec7c101a2cae,"Proin eu mi. Nulla ac enim. In tempor, turpis nec euismod scelerisque, quam turpis adipiscing lorem, vitae mattis nibh ligula nec sem.",2024-10-23T16:58:10Z
34546c5d-02b0-462a-950d-47c29ff23917,046b3e10-536e-4b7a-9064-7618547cf740,248cf171-aec3-4a6f-8816-ed20c1b2a7fc,"Proin leo odio, porttitor id, consequat in, consequat ut, nulla. Sed accumsan felis. Ut at dolor quis odio consequat varius.

Integer ac leo. Pellentesque ultrices mattis odio. Donec vitae nisi.",2024-06-24T10:59:59Z
375fbb0d-f5ce-4693-aec0-d7d39a760687,62bfc57a-e0bd-47f6-9375-44ef067a5609,d4cbe8c2-7ba5-49f8-8349-7d0287d2e191,"Mauris enim leo, rhoncus sed, vestibulum sit amet, cursus id, turpis. Integer aliquet, massa id lobortis convallis, tortor risus dapibus augue, vel accumsan tellus nisi eu orci. Mauris lacinia sapien quis libero.",2024-06-05T09:58:01Z
62388cfb-5194-4e32-941e-789e1e7eac1c,300b3dcd-6493-4ea5-93ae-908c3e025a22,81c1081d-0309-4bb5-9fca-fab574e8f97b,"Morbi porttitor lorem id ligula. Suspendisse ornare consequat lectus. In est risus, auctor sed, tristique in, tempus sit amet, sem.

Fusce consequat. Nulla nisl. Nunc nisl.",2024-12-22T20:10:56Z
1606f50b-8b93-401f-90e6-a970652eca78,032119cb-d1b2-49ac-932e-8da71052e18a,b55be6e9-5998-4c30-9ba5-6b33d6a4be67,"Nullam porttitor lacus at turpis. Donec posuere metus vitae ipsum. Aliquam non mauris.

Morbi non lectus. Aliquam sit amet diam in magna bibendum imperdiet. Nullam orci pede, venenatis non, sodales sed, tincidunt eu, felis.",2025-02-25T19:38:01Z
9b52a45f-63b9-407d-8db0-9f873185d18e,1a79b32b-4d5b-4735-97ee-1494f2974ee8,04e16942-15dd-4b47-be17-7795cb807cae,"Phasellus in felis. Donec semper sapien a libero. Nam dui.

Proin leo odio, porttitor id, consequat in, consequat ut, nulla. Sed accumsan felis. Ut at dolor quis odio consequat varius.

Integer ac leo. Pellentesque ultrices mattis odio. Donec vitae nisi.",2024-12-03T16:34:23Z
02802ce6-6d63-4c90-91ea-f818804067a1,c8449156-edd3-4b69-a5eb-081a6070962c,25ee98eb-911e-409c-9dc1-075f90f90384,"Sed sagittis. Nam congue, risus semper porta volutpat, quam pede lobortis ligula, sit amet eleifend pede libero quis orci. Nullam molestie nibh in lectus.",2024-06-20T18:10:52Z
3388278e-cc63-42ec-bb3c-3c6f7343efc1,2a00c300-9038-423d-8a3c-0c3e19471992,e9d00ed1-c6cc-4010-ae22-c4d1acc82935,"Proin eu mi. Nulla ac enim. In tempor, turpis nec euismod scelerisque, quam turpis adipiscing lorem, vitae mattis nibh ligula nec sem.

Duis aliquam convallis nunc. Proin at turpis a pede posuere nonummy. Integer non velit.",2025-01-12T08:39:20Z
38f0caa7-7627-4110-855c-14f5adca4ce3,6a8fbd66-5ede-47e4-b584-e23776e6559d,10d1fa94-ac9e-4c66-947f-327473c1711f,"Vestibulum ac est lacinia nisi venenatis tristique. Fusce congue, diam id ornare imperdiet, sapien urna pretium nisl, ut volutpat sapien arcu sed augue. Aliquam erat volutpat.

In congue. Etiam justo. Etiam pretium iaculis justo.

In hac habitasse platea dictumst. Etiam faucibus cursus urna. Ut tellus.",2024-10-09T04:19:38Z
67f35a1a-3b3a-43c3-9c54-5c7ede46fcfa,370f28ac-a061-4bc7-80cb-b4f145b8eac9,8fd9c7de-512b-4512-b113-45c4ea31539f,"Cum sociis natoque penatibus et magnis dis parturient montes, nascetur ridiculus mus. Vivamus vestibulum sagittis sapien. Cum sociis natoque penatibus et magnis dis parturient montes, nascetur ridiculus mus.",2024-06-13T20:38:34Z
9d0b00bf-d90a-4b40-b1b9-b344e4c640be,3bb5c5b7-d748-4f04-bd28-718d2779757f,5aa6e440-aeba-40c1-a213-7b92909a0cd3,"Curabitur gravida nisi at nibh. In hac habitasse platea dictumst. Aliquam augue quam, sollicitudin vitae, consectetuer eget, rutrum at, lorem.",2024-10-21T03:55:41Z
63a1bd58-12bb-44fd-b980-1d13b6f4b594,07a454fa-4830-4194-92f8-b811ff56554c,f481c430-f2b6-4a7a-8983-8f97f937db1b,"Maecenas tristique, est et tempus semper, est quam pharetra magna, ac consequat metus sapien ut nunc. Vestibulum ante ipsum primis in faucibus orci luctus et ultrices posuere cubilia Curae; Mauris viverra diam vitae quam. Suspendisse potenti.

Nullam porttitor lacus at turpis. Donec posuere metus vitae ipsum. Aliquam non mauris.",2025-03-15T23:50:34Z
82d2db72-af73-4d7e-86d9-0cc25365b694,62e4921d-26a5-4c50-9517-c0ce9e4e868f,c3969bff-cbcc-4bc0-b85d-5026b80fb77e,"Vestibulum ac est lacinia nisi venenatis tristique. Fusce congue, diam id ornare imperdiet, sapien urna pretium nisl, ut volutpat sapien arcu sed augue. Aliquam erat volutpat.

In congue. Etiam justo. Etiam pretium iaculis justo.",2025-01-13T06:10:24Z
3578bebd-3736-453a-b8c2-78d303ba5df1,ea149296-ae85-4829-8b29-6f2881ec69ed,389269c6-08e2-40ed-b438-329d4f8303e7,"Nam ultrices, libero non mattis pulvinar, nulla pede ullamcorper augue, a suscipit nulla elit ac nulla. Sed vel enim sit amet nunc viverra dapibus. Nulla suscipit ligula in lacus.",2025-04-09T07:37:30Z
bd8b4302-a2a4-42ca-b629-d89890146dc7,3de195ea-680b-4669-b03a-6e7191da47f9,03f66c4c-1ad6-4cad-901f-0c12958f40f4,"Aenean lectus. Pellentesque eget nunc. Donec quis orci eget orci vehicula condimentum.

Curabitur in libero ut massa volutpat convallis. Morbi odio odio, elementum eu, interdum eu, tincidunt in, leo. Maecenas pulvinar lobortis est.",2024-10-08T14:48:27Z
463ab287-1ba9-403d-bacb-795bf929328f,722d0468-95d2-430a-9c7f-0cbade00e22c,a8c3a699-78be-4652-98d3-54682d925818,"Sed ante. Vivamus tortor. Duis mattis egestas metus.

Aenean fermentum. Donec ut mauris eget massa tempor convallis. Nulla neque libero, convallis eget, eleifend luctus, ultricies eu, nibh.",2025-03-20T14:55:26Z
b1850bd5-bbda-4e70-996d-a5cd86796c57,3a26c703-406e-4500-98e9-9800e422ca38,b6422e2a-6c17-4af6-bdce-3b0e3190955c,"Cras non velit nec nisi vulputate nonummy. Maecenas tincidunt lacus at velit. Vivamus vel nulla eget eros elementum pellentesque.

Quisque porta volutpat erat. Quisque erat eros, viverra eget, congue eget, semper rutrum, nulla. Nunc purus.

Phasellus in felis. Donec semper sapien a libero. Nam dui.",2024-07-13T08:13:35Z
4b1e0796-576a-48e4-ae0f-8a933f7add3e,026773c8-fbf5-40c0-9815-122c66080e86,c7e0e24c-0720-488d-9b93-dfb575b355d4,"Duis bibendum. Morbi non quam nec dui luctus rutrum. Nulla tellus.

In sagittis dui vel nisl. Duis ac nibh. Fusce lacus purus, aliquet at, feugiat non, pretium quis, lectus.",2025-03-27T07:02:17Z
5b3c9c3d-5670-48bb-b348-d2098d211ca6,d0e1fcac-6ec8-4b4e-bc34-d9c90fe4c7cf,8aecfd41-e95d-41ae-8ba4-40e3aac10469,"Cum sociis natoque penatibus et magnis dis parturient montes, nascetur ridiculus mus. Vivamus vestibulum sagittis sapien. Cum sociis natoque penatibus et magnis dis parturient montes, nascetur ridiculus mus.

Etiam vel augue. Vestibulum rutrum rutrum neque. Aenean auctor gravida sem.",2024-06-26T16:33:34Z
f5937cdd-daac-482a-9d44-8fc47a59c46b,dc08075f-8ac9-4cb1-a4ff-b409bba9ff17,fa5d742c-c7ba-4466-b7da-7c7e11c7c0d2,"Proin leo odio, porttitor id, consequat in, consequat ut, nulla. Sed accumsan felis. Ut at dolor quis odio consequat varius.

Integer ac leo. Pellentesque ultrices mattis odio. Donec vitae nisi.",2024-10-05T23:14:15Z
26cfefe0-6c53-4886-b65d-f48ea3e8ce6a,c2680c82-950c-44f0-af46-e41467fdd548,a3c1a707-3f4c-47bc-9bf8-51628c41d699,"Mauris enim leo, rhoncus sed, vestibulum sit amet, cursus id, turpis. Integer aliquet, massa id lobortis convallis, tortor risus dapibus augue, vel accumsan tellus nisi eu orci. Mauris lacinia sapien quis libero.

Nullam sit amet turpis elementum ligula vehicula consequat. Morbi a ipsum. Integer a nibh.

In quis justo. Maecenas rhoncus aliquam lacus. Morbi quis tortor id nulla ultrices aliquet.",2024-05-23T10:22:07Z
af8e8a5d-4116-400a-8cf4-d8ce809b9116,f36238d8-4160-4f95-b9fc-ca66ade00fa1,a5ae4436-a099-42f3-9088-f3b59759924e,"Maecenas tristique, est et tempus semper, est quam pharetra magna, ac consequat metus sapien ut nunc. Vestibulum ante ipsum primis in faucibus orci luctus et ultrices posuere cubilia Curae; Mauris viverra diam vitae quam. Suspendisse potenti.",2025-04-22T03:13:09Z
5d0f9f3f-4818-4e6d-82e7-75730ad6815a,d20b8b61-4dc7-4cd8-b87d-79631a404254,51c5cd3c-1ffd-4c28-a338-e3168623c714,"In hac habitasse platea dictumst. Morbi vestibulum, velit id pretium iaculis, diam erat fermentum justo, nec condimentum neque sapien placerat ante. Nulla justo.

Aliquam quis turpis eget elit sodales scelerisque. Mauris sit amet eros. Suspendisse accumsan tortor quis turpis.

Sed ante. Vivamus tortor. Duis mattis egestas metus.",2024-12-16T09:09:13Z
3848135d-5d32-4511-989a-80c3ef130a15,90bf8613-eb63-4dfa-8fe3-03538bde8305,3142cd60-9995-4b13-b65a-6eb7760fe14b,"Maecenas ut massa quis augue luctus tincidunt. Nulla mollis molestie lorem. Quisque ut erat.

Curabitur gravida nisi at nibh. In hac habitasse platea dictumst. Aliquam augue quam, sollicitudin vitae, consectetuer eget, rutrum at, lorem.",2024-05-19T08:42:17Z
3a7039d5-71b8-4389-b14b-4b1ef9a59b54,d2ac9ed6-24d0-4899-a103-0360345b6254,bdb5b18c-48ba-4b9b-8b1b-58c5b48f8432,"Aenean lectus. Pellentesque eget nunc. Donec quis orci eget orci vehicula condimentum.

Curabitur in libero ut massa volutpat convallis. Morbi odio odio, elementum eu, interdum eu, tincidunt in, leo. Maecenas pulvinar lobortis est.

Phasellus sit amet erat. Nulla tempus. Vivamus in felis eu sapien cursus vestibulum.",2024-07-30T11:43:32Z
121d94d4-ebb4-4a73-a9ef-347fb68f93e0,9ce992f7-4af6-4a05-b6bf-3975ce228ffd,845e5703-7c89-45a8-a035-3f7894897aa9,"In congue. Etiam justo. Etiam pretium iaculis justo.

In hac habitasse platea dictumst. Etiam faucibus cursus urna. Ut tellus.",2024-05-22T14:41:28Z
86d3f318-549f-4c0e-bb55-3701d4558ad9,373a4192-2c52-436a-8916-16ff38aeea1f,3732c4ba-334a-4049-b592-ce21a15dbf4f,Phasellus in felis. Donec semper sapien a libero. Nam dui.,2024-10-28T17:22:03Z
8f74a21d-23a5-4107-9b49-934ef4362929,3603a1b0-d7b1-4a03-bf48-1b710b286685,96011476-5b98-4ca9-830a-15da71e90c53,"Curabitur gravida nisi at nibh. In hac habitasse platea dictumst. Aliquam augue quam, sollicitudin vitae, consectetuer eget, rutrum at, lorem.

Integer tincidunt ante vel ipsum. Praesent blandit lacinia erat. Vestibulum sed magna at nunc commodo placerat.

Praesent blandit. Nam nulla. Integer pede justo, lacinia eget, tincidunt eget, tempus vel, pede.",2024-07-27T15:41:07Z
f518ce29-7d99-43ab-bfaf-d8a1db54cd15,5241aabf-6be7-45d0-bdeb-429fdf11e642,9e9db105-6371-464b-87ce-b88c717b42d1,"Quisque porta volutpat erat. Quisque erat eros, viverra eget, congue eget, semper rutrum, nulla. Nunc purus.

Phasellus in felis. Donec semper sapien a libero. Nam dui.",2024-05-13T08:24:08Z
02213a5d-43c8-42d5-8850-751f8bd5114b,0b202e2e-5f64-4ec6-b97b-777812710b6c,91b1271b-2e49-4f58-9b35-0d7a837c5af8,Aliquam quis turpis eget elit sodales scelerisque. Mauris sit amet eros. Suspendisse accumsan tortor quis turpis.,2025-01-08T12:29:01Z
6d406fd7-ca92-40f9-874c-e4d5dc4c2567,2617e90a-e3e7-4f3a-a307-6122cb6697fb,31d9036a-8c1e-4142-a1e8-f5d6e3ff680e,Duis aliquam convallis nunc. Proin at turpis a pede posuere nonummy. Integer non velit.,2024-12-09T23:11:23Z
92f37404-399c-4b0b-b603-695505f8dc47,58b6cbfc-3172-4add-a710-349b06189687,0e839c79-1209-424e-aef4-98866b8e123b,"Maecenas ut massa quis augue luctus tincidunt. Nulla mollis molestie lorem. Quisque ut erat.

Curabitur gravida nisi at nibh. In hac habitasse platea dictumst. Aliquam augue quam, sollicitudin vitae, consectetuer eget, rutrum at, lorem.",2024-10-05T13:09:14Z
2a839d34-e166-4408-8ffd-dbecfba60d9c,62edc9eb-c1bf-4fa8-ba29-95ff57a265b8,dabdd5d5-7c61-4019-af00-65fe487166b4,Etiam vel augue. Vestibulum rutrum rutrum neque. Aenean auctor gravida sem.,2025-01-31T21:44:16Z
af352716-cfaf-47bd-ac4e-98caa41cf935,1e37a57a-2bbe-4e98-be47-44a9ab5739fd,66fc2c5f-1934-4fdf-aedc-06f63e625c7c,Cras non velit nec nisi vulputate nonummy. Maecenas tincidunt lacus at velit. Vivamus vel nulla eget eros elementum pellentesque.,2024-11-18T21:16:47Z
bef0447e-5f7c-49f5-b89e-254aacc3647e,5f1018da-2414-49d7-b860-1fd3c3f78901,5e634824-6a21-4447-9577-036549b1768a,"Curabitur in libero ut massa volutpat convallis. Morbi odio odio, elementum eu, interdum eu, tincidunt in, leo. Maecenas pulvinar lobortis est.",2024-09-22T22:28:46Z
b4749bc9-854d-4dcb-863c-a48f3857e503,46657d1d-98b6-4a84-89d6-6566a736ba66,ba7f1b6c-24e2-4188-8635-a30e1cb10a3f,"Phasellus in felis. Donec semper sapien a libero. Nam dui.

Proin leo odio, porttitor id, consequat in, consequat ut, nulla. Sed accumsan felis. Ut at dolor quis odio consequat varius.

Integer ac leo. Pellentesque ultrices mattis odio. Donec vitae nisi.",2025-02-16T00:58:33Z
cfa58843-d837-4c37-afba-98cf7d1e5927,da681b6b-5c32-4cd7-9c48-92706fc72b47,876a7edf-6e29-4c39-93e0-2cb513d379e7,"Nam ultrices, libero non mattis pulvinar, nulla pede ullamcorper augue, a suscipit nulla elit ac nulla. Sed vel enim sit amet nunc viverra dapibus. Nulla suscipit ligula in lacus.

Curabitur at ipsum ac tellus semper interdum. Mauris ullamcorper purus sit amet nulla. Quisque arcu libero, rutrum ac, lobortis vel, dapibus at, diam.",2025-02-28T03:59:47Z
f129edca-73ae-4bc7-a45b-5225eafa9d67,65d1c615-ab8f-4322-8769-638e0f908ba1,f789ffc0-cb1b-4b0a-92c9-76c871f31ac0,"Praesent blandit. Nam nulla. Integer pede justo, lacinia eget, tincidunt eget, tempus vel, pede.",2024-07-17T10:16:12Z
0bdf79ef-c3da-4249-933f-993e4478b210,f760db19-6036-473c-b5eb-40aefa1b465d,d3e4bb29-b013-4120-9652-6e8fdfcb2a10,"In hac habitasse platea dictumst. Morbi vestibulum, velit id pretium iaculis, diam erat fermentum justo, nec condimentum neque sapien placerat ante. Nulla justo.",2024-08-03T07:54:03Z
35ee95ae-c7f8-47ad-809b-29c46bca8f89,6ae00d6c-4d86-43d9-8e9d-77fd7563b793,af0127ee-5e32-43c3-891f-d69d095214f8,"In hac habitasse platea dictumst. Morbi vestibulum, velit id pretium iaculis, diam erat fermentum justo, nec condimentum neque sapien placerat ante. Nulla justo.

Aliquam quis turpis eget elit sodales scelerisque. Mauris sit amet eros. Suspendisse accumsan tortor quis turpis.",2025-01-23T23:02:29Z
b12bbc4d-b58c-42a2-b56a-112efdc096b0,56393563-af6d-4331-8312-ed558e76aa52,ca1f8231-c96b-4d96-9bd4-7642c4299a81,"Nullam porttitor lacus at turpis. Donec posuere metus vitae ipsum. Aliquam non mauris.

Morbi non lectus. Aliquam sit amet diam in magna bibendum imperdiet. Nullam orci pede, venenatis non, sodales sed, tincidunt eu, felis.",2024-06-01T13:23:13Z
41eb77ba-dae9-48d5-a94b-500bc649360e,5b5c49d2-1c07-4607-9ade-0e13f3585de0,865dfcf1-de0d-472e-8252-f6c29b296317,"Duis consequat dui nec nisi volutpat eleifend. Donec ut dolor. Morbi vel lectus in quam fringilla rhoncus.

Mauris enim leo, rhoncus sed, vestibulum sit amet, cursus id, turpis. Integer aliquet, massa id lobortis convallis, tortor risus dapibus augue, vel accumsan tellus nisi eu orci. Mauris lacinia sapien quis libero.",2024-12-31T06:21:43Z
9758effe-8590-44ff-8991-47dd439c94fe,c6ad9e73-d447-4cc5-ba51-4a775e6ba9ba,55a86712-55be-4194-a2ad-04ec2a231bdb,"Cum sociis natoque penatibus et magnis dis parturient montes, nascetur ridiculus mus. Vivamus vestibulum sagittis sapien. Cum sociis natoque penatibus et magnis dis parturient montes, nascetur ridiculus mus.",2024-06-09T18:33:47Z
b82561b7-3e28-450b-8a3b-46fbc5bf6040,126becb1-dd2c-44af-8d46-f034e13427a9,901fddf1-4475-4a3a-8188-343e7b3c1f42,"In sagittis dui vel nisl. Duis ac nibh. Fusce lacus purus, aliquet at, feugiat non, pretium quis, lectus.

Suspendisse potenti. In eleifend quam a odio. In hac habitasse platea dictumst.",2025-01-20T10:49:09Z
e8e8bc8b-d3f3-464f-b31a-216ebc1d12b3,f1cef87d-9f56-4d12-ba5d-e81e1c913ba8,b1d9ce6f-e5a1-4319-9da9-01a2c4493ac3,"Nullam porttitor lacus at turpis. Donec posuere metus vitae ipsum. Aliquam non mauris.

Morbi non lectus. Aliquam sit amet diam in magna bibendum imperdiet. Nullam orci pede, venenatis non, sodales sed, tincidunt eu, felis.

Fusce posuere felis sed lacus. Morbi sem mauris, laoreet ut, rhoncus aliquet, pulvinar sed, nisl. Nunc rhoncus dui vel sem.",2025-03-15T22:45:57Z
07218c66-b578-4766-8206-cb1d5ac6a28a,5e548da0-dd7e-44a7-883b-f5c4f649329d,5fb7a04c-39c6-46b9-99d0-24d57543ed41,"Praesent id massa id nisl venenatis lacinia. Aenean sit amet justo. Morbi ut odio.

Cras mi pede, malesuada in, imperdiet et, commodo vulputate, justo. In blandit ultrices enim. Lorem ipsum dolor sit amet, consectetuer adipiscing elit.",2025-02-16T07:14:21Z
a16c3b2e-2572-4110-bc47-7abc611727c3,10c3d22f-f7dd-4e10-a415-315f5a92734d,96baf55a-a7a1-4e7d-bd30-14815775d3fc,"Mauris enim leo, rhoncus sed, vestibulum sit amet, cursus id, turpis. Integer aliquet, massa id lobortis convallis, tortor risus dapibus augue, vel accumsan tellus nisi eu orci. Mauris lacinia sapien quis libero.

Nullam sit amet turpis elementum ligula vehicula consequat. Morbi a ipsum. Integer a nibh.

In quis justo. Maecenas rhoncus aliquam lacus. Morbi quis tortor id nulla ultrices aliquet.",2024-12-18T12:28:00Z
5b1e9003-172a-4b5a-9f36-66ccb41f04e8,27878cb8-c99f-4d57-a896-370021f14909,94e60951-22dc-4f92-a299-1755c8e4b53d,"Pellentesque at nulla. Suspendisse potenti. Cras in purus eu magna vulputate luctus.

Cum sociis natoque penatibus et magnis dis parturient montes, nascetur ridiculus mus. Vivamus vestibulum sagittis sapien. Cum sociis natoque penatibus et magnis dis parturient montes, nascetur ridiculus mus.

Etiam vel augue. Vestibulum rutrum rutrum neque. Aenean auctor gravida sem.",2025-01-25T09:07:29Z
9ab1107e-46b4-4e78-998b-9f458ae1da7f,cf6dde24-0cf0-4ed6-a052-05f7472f5190,936ae11e-aa8f-4582-9fef-66f0c3bdd7fd,"In hac habitasse platea dictumst. Etiam faucibus cursus urna. Ut tellus.

Nulla ut erat id mauris vulputate elementum. Nullam varius. Nulla facilisi.

Cras non velit nec nisi vulputate nonummy. Maecenas tincidunt lacus at velit. Vivamus vel nulla eget eros elementum pellentesque.",2024-11-23T15:52:04Z
94072cc0-9b36-4f7f-a514-d3fb39654aac,c2cbd1a3-1284-496e-ab2f-b4d19f4b87cf,b627975f-9e25-49a2-bc2b-254a36bb7acd,"Cras non velit nec nisi vulputate nonummy. Maecenas tincidunt lacus at velit. Vivamus vel nulla eget eros elementum pellentesque.

Quisque porta volutpat erat. Quisque erat eros, viverra eget, congue eget, semper rutrum, nulla. Nunc purus.",2024-06-11T04:29:02Z
49c6001e-8b3a-43ff-ae9b-f8f80f91dcbe,54b3f129-2ae8-4668-aca6-9d69efee0535,6c1d8b73-0b3e-4f40-b1f4-949081a62710,"Cras non velit nec nisi vulputate nonummy. Maecenas tincidunt lacus at velit. Vivamus vel nulla eget eros elementum pellentesque.

Quisque porta volutpat erat. Quisque erat eros, viverra eget, congue eget, semper rutrum, nulla. Nunc purus.

Phasellus in felis. Donec semper sapien a libero. Nam dui.",2025-03-20T23:47:21Z
74ad629f-8b0b-4a9f-8733-ab0c7b6d5ba5,8892d412-e9b1-420d-85c2-45aa76f1b9ba,6f4fcd65-cd98-4758-8dc0-15303427c081,Praesent id massa id nisl venenatis lacinia. Aenean sit amet justo. Morbi ut odio.,2025-04-28T22:03:40Z
b9463e49-ded7-41f5-8b15-68881de9d39e,66e7e53c-60d2-47c6-83c2-721707b9ec5f,c1495fe8-1996-4060-b2b3-26ff4069c688,"Maecenas leo odio, condimentum id, luctus nec, molestie sed, justo. Pellentesque viverra pede ac diam. Cras pellentesque volutpat dui.",2024-07-31T07:03:57Z
4e8fb3bf-70ca-4471-a9f9-4258dab2042e,16e0622e-c223-4ca1-809f-76b4d4319377,58dca3fb-09cd-469e-89d4-711790917112,Etiam vel augue. Vestibulum rutrum rutrum neque. Aenean auctor gravida sem.,2025-02-21T17:34:15Z
2cbcf852-e1c2-4fab-b360-452ad01348fe,387a9c05-b596-445c-a307-4d1d812d1324,6d955ea7-6bfb-47eb-887c-208615365225,"In sagittis dui vel nisl. Duis ac nibh. Fusce lacus purus, aliquet at, feugiat non, pretium quis, lectus.

Suspendisse potenti. In eleifend quam a odio. In hac habitasse platea dictumst.",2024-06-29T02:51:59Z
2438bcea-62df-4b32-b0d7-9b05d1a87391,3210c029-d027-42f8-b5b7-ab03291ca31b,3cebefaa-c8fc-4c6e-8515-f3b23dd4795b,"In hac habitasse platea dictumst. Etiam faucibus cursus urna. Ut tellus.

Nulla ut erat id mauris vulputate elementum. Nullam varius. Nulla facilisi.

Cras non velit nec nisi vulputate nonummy. Maecenas tincidunt lacus at velit. Vivamus vel nulla eget eros elementum pellentesque.",2024-08-17T12:54:21Z
6fe344f9-b21d-43e7-bd82-05de75106612,c33a111c-34c8-4968-a649-97e295eadf09,d9e4cd70-73d1-4834-b9b3-63347c0393bc,"Proin eu mi. Nulla ac enim. In tempor, turpis nec euismod scelerisque, quam turpis adipiscing lorem, vitae mattis nibh ligula nec sem.

Duis aliquam convallis nunc. Proin at turpis a pede posuere nonummy. Integer non velit.",2025-01-28T14:55:36Z
3a13d177-747b-42fb-b28e-7a32d6ea7dc3,21c4ee3b-df15-426e-9a8d-d6301909f901,5152c5e6-7c90-4b34-98bb-f73a154913a4,"Quisque porta volutpat erat. Quisque erat eros, viverra eget, congue eget, semper rutrum, nulla. Nunc purus.

Phasellus in felis. Donec semper sapien a libero. Nam dui.

Proin leo odio, porttitor id, consequat in, consequat ut, nulla. Sed accumsan felis. Ut at dolor quis odio consequat varius.",2024-08-22T17:00:06Z
8a37f466-19f0-41a3-89bd-2b86ec7c9fb7,e65d5555-74d5-401f-a316-79a5b88dcfc4,4e603340-8bd9-42d2-9b63-e94d6bebb8be,"Cras mi pede, malesuada in, imperdiet et, commodo vulputate, justo. In blandit ultrices enim. Lorem ipsum dolor sit amet, consectetuer adipiscing elit.",2025-02-17T01:24:22Z
a514ba85-220e-4625-84e2-73904f39b6e9,7e9143ea-7988-4cd5-88c7-382f6e4fa532,3d14d742-5ef8-4f4a-9cfc-e0a9bd5dfe04,Nulla ut erat id mauris vulputate elementum. Nullam varius. Nulla facilisi.,2024-11-08T01:23:53Z
8da74509-7762-4eff-ba35-5531f15fce0d,d63f2260-ca0c-4811-bb9f-f55c5a1c0345,8e6c9db8-8ecf-4388-ae25-b77b57392985,"Duis consequat dui nec nisi volutpat eleifend. Donec ut dolor. Morbi vel lectus in quam fringilla rhoncus.

Mauris enim leo, rhoncus sed, vestibulum sit amet, cursus id, turpis. Integer aliquet, massa id lobortis convallis, tortor risus dapibus augue, vel accumsan tellus nisi eu orci. Mauris lacinia sapien quis libero.",2025-02-24T21:56:31Z
3efe4e30-55c5-4c4f-bf56-64958e7d744c,d7b5504d-75fe-49d0-898e-c5f4d7064a07,c7dbe0ac-f717-45e5-a697-0c00f6bc832d,"Etiam vel augue. Vestibulum rutrum rutrum neque. Aenean auctor gravida sem.

Praesent id massa id nisl venenatis lacinia. Aenean sit amet justo. Morbi ut odio.

Cras mi pede, malesuada in, imperdiet et, commodo vulputate, justo. In blandit ultrices enim. Lorem ipsum dolor sit amet, consectetuer adipiscing elit.",2024-10-06T20:57:50Z
578fd5c8-7264-442f-835b-4530def9e773,00a8d00f-e7ff-49a1-a03a-60d8a84c15b7,c81c46d3-62ed-4337-8f2e-1e6523b36dcb,"Suspendisse potenti. In eleifend quam a odio. In hac habitasse platea dictumst.

Maecenas ut massa quis augue luctus tincidunt. Nulla mollis molestie lorem. Quisque ut erat.

Curabitur gravida nisi at nibh. In hac habitasse platea dictumst. Aliquam augue quam, sollicitudin vitae, consectetuer eget, rutrum at, lorem.",2024-06-16T06:54:29Z
d08593f8-4dae-4062-a956-32c80b5542ad,107471bb-1d78-43f2-8018-ae78427d7604,b4fc7a2e-4bc3-45f7-a0e5-95baa78d1076,"Sed sagittis. Nam congue, risus semper porta volutpat, quam pede lobortis ligula, sit amet eleifend pede libero quis orci. Nullam molestie nibh in lectus.

Pellentesque at nulla. Suspendisse potenti. Cras in purus eu magna vulputate luctus.",2025-03-17T07:54:24Z
2fefa64d-52c0-4695-bc2e-af92ce60f521,7d9a0ce2-7ae8-49b9-96d6-d29e63794456,1ebf0175-ef10-4e9a-a2c1-9b98c4bf49bf,"Fusce posuere felis sed lacus. Morbi sem mauris, laoreet ut, rhoncus aliquet, pulvinar sed, nisl. Nunc rhoncus dui vel sem.

Sed sagittis. Nam congue, risus semper porta volutpat, quam pede lobortis ligula, sit amet eleifend pede libero quis orci. Nullam molestie nibh in lectus.

Pellentesque at nulla. Suspendisse potenti. Cras in purus eu magna vulputate luctus.",2024-05-21T18:28:37Z
ab262a5b-1f43-4e3d-875b-ccfeba6816b4,dc0c57b2-95b4-4d16-aa82-e8284159b7ae,e13786c0-cc3a-40e8-a0a6-cab8e4a14407,"Maecenas ut massa quis augue luctus tincidunt. Nulla mollis molestie lorem. Quisque ut erat.

Curabitur gravida nisi at nibh. In hac habitasse platea dictumst. Aliquam augue quam, sollicitudin vitae, consectetuer eget, rutrum at, lorem.

Integer tincidunt ante vel ipsum. Praesent blandit lacinia erat. Vestibulum sed magna at nunc commodo placerat.",2024-05-20T06:22:59Z
eb66fee4-4001-4836-8e87-b0c8f9b8bc2b,77195084-0503-467f-8450-f4a8bf70ea65,0bb5236c-dac9-495e-b9ab-47827efd55e0,Duis bibendum. Morbi non quam nec dui luctus rutrum. Nulla tellus.,2024-06-21T19:59:29Z
f0da1e7e-a942-46f1-b680-0d16f4d3d3ff,c94022f0-a3ce-498d-86e0-f281428dec6b,e280b9b6-ce21-4987-8032-a504e1ec112d,"Cras mi pede, malesuada in, imperdiet et, commodo vulputate, justo. In blandit ultrices enim. Lorem ipsum dolor sit amet, consectetuer adipiscing elit.

Proin interdum mauris non ligula pellentesque ultrices. Phasellus id sapien in sapien iaculis congue. Vivamus metus arcu, adipiscing molestie, hendrerit at, vulputate vitae, nisl.",2025-05-03T16:23:45Z
b8021f7a-cd34-4c98-8638-2604b3b31d47,e234301e-20e8-4178-ad58-68a3d014ac87,113ac10e-89d6-4902-bfd2-999c37a95757,"Suspendisse potenti. In eleifend quam a odio. In hac habitasse platea dictumst.

Maecenas ut massa quis augue luctus tincidunt. Nulla mollis molestie lorem. Quisque ut erat.",2024-11-08T22:27:28Z
29b4b6b0-cf4f-4b07-965d-e6e114be899c,01777947-bb6d-4d12-966c-cd679a66539b,9a8d91e9-2d5a-492e-8143-a24726e791c1,"Curabitur in libero ut massa volutpat convallis. Morbi odio odio, elementum eu, interdum eu, tincidunt in, leo. Maecenas pulvinar lobortis est.",2024-08-10T01:20:58Z
fc115a6f-2ae3-422e-a62a-257c9bacb4ea,691da8aa-53a6-41df-9816-d8f969015a53,2249b229-3e85-446b-b4f6-b1da9cafd306,"Nullam sit amet turpis elementum ligula vehicula consequat. Morbi a ipsum. Integer a nibh.

In quis justo. Maecenas rhoncus aliquam lacus. Morbi quis tortor id nulla ultrices aliquet.",2024-06-09T16:10:04Z
